-- phpMyAdmin SQL Dump
-- version 5.1.1
-- https://www.phpmyadmin.net/
--
-- Host: 127.0.0.1
-- Generation Time: Jun 06, 2023 at 07:18 AM
-- Server version: 10.4.21-MariaDB
-- PHP Version: 7.4.25

SET SQL_MODE = "NO_AUTO_VALUE_ON_ZERO";
START TRANSACTION;
SET time_zone = "+00:00";


/*!40101 SET @OLD_CHARACTER_SET_CLIENT=@@CHARACTER_SET_CLIENT */;
/*!40101 SET @OLD_CHARACTER_SET_RESULTS=@@CHARACTER_SET_RESULTS */;
/*!40101 SET @OLD_COLLATION_CONNECTION=@@COLLATION_CONNECTION */;
/*!40101 SET NAMES utf8mb4 */;

--
-- Database: `praktikum_presensi_penggajian`
--

-- --------------------------------------------------------

--
-- Table structure for table `bagian`
--

CREATE TABLE `bagian` (
  `id` int(11) NOT NULL,
  `nama_bagian` varchar(255) NOT NULL,
  `karyawan_id` int(11) NOT NULL,
  `lokasi_id` int(11) NOT NULL
) ENGINE=InnoDB DEFAULT CHARSET=utf8mb4;

--
-- Dumping data for table `bagian`
--

INSERT INTO `bagian` (`id`, `nama_bagian`, `karyawan_id`, `lokasi_id`) VALUES
(1, 'Autentikasi', 5, 8),
(2, 'Data Science', 3, 8),
(3, 'Backend Developer', 6, 10),
(4, 'Programing', 8, 9),
(6, 'Security program', 4, 8);

-- --------------------------------------------------------

--
-- Table structure for table `bagian_karyawan`
--

CREATE TABLE `bagian_karyawan` (
  `id` int(11) NOT NULL,
  `bagian_id` int(11) NOT NULL,
  `karyawan_id` int(11) NOT NULL,
  `tanggal_mulai` date NOT NULL
) ENGINE=InnoDB DEFAULT CHARSET=utf8mb4;

--
-- Dumping data for table `bagian_karyawan`
--

INSERT INTO `bagian_karyawan` (`id`, `bagian_id`, `karyawan_id`, `tanggal_mulai`) VALUES
(1, 1, 5, '2018-03-03'),
(2, 2, 3, '2018-04-01'),
(3, 3, 6, '2018-04-04'),
(4, 1, 4, '2018-03-03'),
(5, 2, 7, '2018-04-01'),
(6, 3, 8, '2018-04-04'),
(7, 1, 2, '2023-06-01'),
(8, 4, 2, '2023-06-03'),
(9, 4, 12, '2023-06-03'),
(10, 1, 13, '2023-06-03');

-- --------------------------------------------------------

--
-- Table structure for table `jabatan`
--

CREATE TABLE `jabatan` (
  `id` int(11) NOT NULL,
  `nama_jabatan` varchar(255) NOT NULL,
  `gapok_jabatan` double NOT NULL,
  `tunjangan_jabatan` double NOT NULL,
  `uang_makan_perhari` double NOT NULL
) ENGINE=InnoDB DEFAULT CHARSET=utf8mb4;

--
-- Dumping data for table `jabatan`
--

INSERT INTO `jabatan` (`id`, `nama_jabatan`, `gapok_jabatan`, `tunjangan_jabatan`, `uang_makan_perhari`) VALUES
(1, 'System Analyst', 2400000, 500000, 40000),
(2, 'Project Manager', 2300000, 450000, 38000),
(3, 'Senior Programmer', 2200000, 400000, 36000),
(4, 'Junior Programmer', 2100000, 350000, 34000),
(5, 'magang', 2000000, 500000, 25000),
(6, 'Cleaning service', 1500000, 200000, 15000),
(7, 'HRD', 3000000, 200000, 30000),
(12, 'contohkedua', 2000000, 250000, 25000);

-- --------------------------------------------------------

--
-- Table structure for table `jabatan_karyawan`
--

CREATE TABLE `jabatan_karyawan` (
  `id` int(11) NOT NULL,
  `jabatan_id` int(11) NOT NULL,
  `karyawan_id` int(11) NOT NULL,
  `tanggal_mulai` date NOT NULL
) ENGINE=InnoDB DEFAULT CHARSET=utf8mb4;

--
-- Dumping data for table `jabatan_karyawan`
--

INSERT INTO `jabatan_karyawan` (`id`, `jabatan_id`, `karyawan_id`, `tanggal_mulai`) VALUES
(1, 5, 3, '2013-03-03'),
(2, 4, 3, '2014-04-01'),
(3, 5, 4, '2014-04-04'),
(4, 3, 3, '2015-05-04'),
(5, 4, 4, '2015-05-05'),
(6, 5, 5, '2015-05-05'),
(7, 2, 3, '2015-06-01'),
(8, 3, 4, '2015-06-02'),
(9, 4, 5, '2015-06-03'),
(10, 5, 6, '2015-06-06'),
(11, 1, 3, '2017-07-01'),
(12, 2, 4, '2017-07-02'),
(13, 3, 5, '2017-07-02'),
(14, 4, 6, '2017-07-02'),
(15, 5, 7, '2017-07-07'),
(16, 4, 7, '2018-08-02'),
(17, 5, 8, '2018-08-08'),
(18, 1, 2, '0000-00-00'),
(19, 4, 12, '2023-06-03'),
(20, 2, 2, '2023-06-01'),
(21, 1, 13, '2023-06-03');

-- --------------------------------------------------------

--
-- Table structure for table `karyawan`
--

CREATE TABLE `karyawan` (
  `id` int(11) NOT NULL,
  `nik` varchar(255) NOT NULL,
  `nama_lengkap` varchar(255) NOT NULL,
  `handphone` varchar(255) NOT NULL,
  `email` varchar(255) NOT NULL,
  `tanggal_masuk` date NOT NULL,
  `pengguna_id` int(11) DEFAULT NULL
) ENGINE=InnoDB DEFAULT CHARSET=utf8mb4;

--
-- Dumping data for table `karyawan`
--

INSERT INTO `karyawan` (`id`, `nik`, `nama_lengkap`, `handphone`, `email`, `tanggal_masuk`, `pengguna_id`) VALUES
(2, '002', 'Tes User', '08112012', 'user@mail.com', '2012-02-02', 2),
(3, '003', 'John Doe', '08112013', 'john@mail.com', '2013-03-03', 3),
(4, '004', 'Fulan Bin Fulan', '08112014', 'fulan@mail.com', '2014-04-04', 4),
(5, '005', 'Mawar Kurniani', '08112015', 'mawar@mail.com', '2015-05-05', 5),
(6, '006', 'Melati Rahmawati', '08112016', 'melati@mail.com', '2016-06-06', 6),
(7, '007', 'Dahlia Setiani', '08112017', 'dahlia@mail.com', '2017-07-07', 7),
(8, '008', 'Lily Handayani', '08112018', 'lily@mail.com', '2018-08-08', 8),
(12, '009', 'Rina Apriani', '087815668892', 'rinaapriani2001@gmail.com', '2023-06-03', 12),
(13, '0010', 'contohlagilagi', '08677', 'contoh@gmail.com', '2023-06-03', NULL);

-- --------------------------------------------------------

--
-- Table structure for table `lokasi`
--

CREATE TABLE `lokasi` (
  `id` int(11) NOT NULL,
  `nama_lokasi` varchar(255) NOT NULL
) ENGINE=InnoDB DEFAULT CHARSET=utf8mb4;

--
-- Dumping data for table `lokasi`
--

INSERT INTO `lokasi` (`id`, `nama_lokasi`) VALUES
(8, 'Banjarmasin'),
(9, 'Banjarbaru'),
(10, 'Kabupaten Tapin'),
(13, 'Kabupaten Banjar');

-- --------------------------------------------------------

--
-- Table structure for table `penggajian`
--

CREATE TABLE `penggajian` (
  `id` int(11) NOT NULL,
  `karyawan_id` int(11) NOT NULL,
  `tahun` year(4) DEFAULT NULL,
  `bulan` char(2) DEFAULT NULL,
  `gapok` double DEFAULT NULL,
  `tunjangan` double DEFAULT NULL,
  `uang_makan` double DEFAULT NULL
) ENGINE=InnoDB DEFAULT CHARSET=utf8mb4;

--
-- Dumping data for table `penggajian`
--

INSERT INTO `penggajian` (`id`, `karyawan_id`, `tahun`, `bulan`, `gapok`, `tunjangan`, `uang_makan`) VALUES
(1, 3, 2020, '11', 2400000, 500000, 800000),
(2, 4, 2020, '11', 2300000, 450000, 684000),
(3, 5, 2020, '11', 2200000, 400000, 684000),
(4, 6, 2020, '11', 2100000, 350000, 640000),
(5, 7, 2020, '11', 2100000, 350000, 612000),
(6, 8, 2020, '11', 1000000, 100000, 380000),
(7, 3, 2020, '12', 2400000, 500000, 800000),
(8, 4, 2020, '12', 2300000, 450000, 722000),
(9, 5, 2020, '12', 2200000, 400000, 720000),
(10, 6, 2020, '12', 2100000, 350000, 680000),
(11, 7, 2020, '12', 2100000, 350000, 646000),
(12, 8, 2020, '12', 1000000, 100000, 360000),
(13, 3, 2021, '01', 2400000, 500000, 800000),
(14, 4, 2021, '01', 2300000, 450000, 722000),
(15, 5, 2021, '01', 2200000, 400000, 612000),
(16, 6, 2021, '01', 2100000, 350000, 680000),
(17, 7, 2021, '01', 2100000, 350000, 646000),
(18, 8, 2021, '01', 1000000, 100000, 340000);

-- --------------------------------------------------------

--
-- Table structure for table `pengguna`
--

CREATE TABLE `pengguna` (
  `id` int(11) NOT NULL,
  `username` varchar(255) NOT NULL,
  `password` varchar(255) NOT NULL,
  `peran` enum('ADMIN','USER') DEFAULT NULL,
  `login_terakhir` timestamp NULL DEFAULT NULL
) ENGINE=InnoDB DEFAULT CHARSET=utf8mb4;

--
-- Dumping data for table `pengguna`
--

INSERT INTO `pengguna` (`id`, `username`, `password`, `peran`, `login_terakhir`) VALUES
(2, '2023-06-03', 'd41d8cd98f00b204e9800998ecf8427e', NULL, NULL),
(3, '2023-06-03', 'd41d8cd98f00b204e9800998ecf8427e', NULL, NULL),
(4, '2023-06-03', 'd41d8cd98f00b204e9800998ecf8427e', NULL, NULL),
(5, '2023-06-03', 'd41d8cd98f00b204e9800998ecf8427e', NULL, NULL),
(6, '2023-06-03', 'd41d8cd98f00b204e9800998ecf8427e', NULL, NULL),
(7, '2023-06-03', 'd41d8cd98f00b204e9800998ecf8427e', NULL, NULL),
(8, '2023-06-03', 'd41d8cd98f00b204e9800998ecf8427e', NULL, NULL),
(12, '2023-06-03', 'd41d8cd98f00b204e9800998ecf8427e', NULL, NULL),
(13, '', '4553eb3ff328b4868a7a1e6e53cd28b4', 'ADMIN', NULL);

-- --------------------------------------------------------

--
-- Table structure for table `presensi`
--

CREATE TABLE `presensi` (
  `id` int(11) NOT NULL,
  `karyawan_id` int(11) NOT NULL,
  `tanggal` date NOT NULL,
  `jam_masuk` time DEFAULT NULL,
  `jam_keluar` time DEFAULT NULL,
  `keterangan` enum('HADIR','SAKIT','IZIN','CUTI','AKHIR\r\nPEKAN','LIBUR NASIONAL','TANPA KETERANGAN') DEFAULT NULL
) ENGINE=InnoDB DEFAULT CHARSET=utf8mb4;

--
-- Dumping data for table `presensi`
--

INSERT INTO `presensi` (`id`, `karyawan_id`, `tanggal`, `jam_masuk`, `jam_keluar`, `keterangan`) VALUES
(1, 3, '2020-11-01', NULL, NULL, ''),
(2, 3, '2020-11-02', '08:00:00', '16:00:00', 'HADIR'),
(3, 3, '2020-11-03', '08:00:00', '16:00:00', 'HADIR'),
(4, 3, '2020-11-04', '08:00:00', '16:00:00', 'HADIR'),
(5, 3, '2020-11-05', '08:00:00', '16:00:00', 'HADIR'),
(6, 3, '2020-11-06', '08:00:00', '16:00:00', 'HADIR'),
(7, 3, '2020-11-07', NULL, NULL, ''),
(8, 3, '2020-11-08', NULL, NULL, ''),
(9, 3, '2020-11-09', '08:00:00', '16:00:00', 'HADIR'),
(10, 3, '2020-11-10', NULL, NULL, 'LIBUR NASIONAL'),
(11, 3, '2020-11-11', '08:00:00', '16:00:00', 'HADIR'),
(12, 3, '2020-11-12', '08:00:00', '16:00:00', 'HADIR'),
(13, 3, '2020-11-13', '08:00:00', '16:00:00', 'HADIR'),
(14, 3, '2020-11-14', NULL, NULL, ''),
(15, 3, '2020-11-15', NULL, NULL, ''),
(16, 3, '2020-11-16', '08:00:00', '16:00:00', 'HADIR'),
(17, 3, '2020-11-17', '08:00:00', '16:00:00', 'HADIR'),
(18, 3, '2020-11-18', '08:00:00', '16:00:00', 'HADIR'),
(19, 3, '2020-11-19', '08:00:00', '16:00:00', 'HADIR'),
(20, 3, '2020-11-20', '08:00:00', '16:00:00', 'HADIR'),
(21, 3, '2020-11-21', NULL, NULL, ''),
(22, 3, '2020-11-22', NULL, NULL, ''),
(23, 3, '2020-11-23', '08:00:00', '16:00:00', 'HADIR'),
(24, 3, '2020-11-24', '08:00:00', '16:00:00', 'HADIR'),
(25, 3, '2020-11-25', '08:00:00', '16:00:00', 'HADIR'),
(26, 3, '2020-11-26', '08:00:00', '16:00:00', 'HADIR'),
(27, 3, '2020-11-27', '08:00:00', '16:00:00', 'HADIR'),
(28, 3, '2020-11-28', NULL, NULL, ''),
(29, 3, '2020-11-29', NULL, NULL, ''),
(30, 3, '2020-11-30', '08:00:00', '16:00:00', 'HADIR'),
(31, 3, '2020-12-01', '08:00:00', '16:00:00', 'HADIR'),
(32, 3, '2020-12-02', '08:00:00', '16:00:00', 'HADIR'),
(33, 3, '2020-12-03', '08:00:00', '16:00:00', 'HADIR'),
(34, 3, '2020-12-04', '08:00:00', '16:00:00', 'HADIR'),
(35, 3, '2020-12-05', NULL, NULL, ''),
(36, 3, '2020-12-06', NULL, NULL, ''),
(37, 3, '2020-12-07', '08:00:00', '16:00:00', 'HADIR'),
(38, 3, '2020-12-08', '08:00:00', '16:00:00', 'HADIR'),
(39, 3, '2020-12-09', NULL, NULL, 'LIBUR NASIONAL'),
(40, 3, '2020-12-10', '08:00:00', '16:00:00', 'HADIR'),
(41, 3, '2020-12-11', '08:00:00', '16:00:00', 'HADIR'),
(42, 3, '2020-12-12', NULL, NULL, ''),
(43, 3, '2020-12-13', NULL, NULL, ''),
(44, 3, '2020-12-14', '08:00:00', '16:00:00', 'HADIR'),
(45, 3, '2020-12-15', '08:00:00', '16:00:00', 'HADIR'),
(46, 3, '2020-12-16', '08:00:00', '16:00:00', 'HADIR'),
(47, 3, '2020-12-17', '08:00:00', '16:00:00', 'HADIR'),
(48, 3, '2020-12-18', '08:00:00', '16:00:00', 'HADIR'),
(49, 3, '2020-12-19', NULL, NULL, ''),
(50, 3, '2020-12-20', NULL, NULL, ''),
(51, 3, '2020-12-21', '08:00:00', '16:00:00', 'HADIR'),
(52, 3, '2020-12-22', '08:00:00', '16:00:00', 'HADIR'),
(53, 3, '2020-12-23', '08:00:00', '16:00:00', 'HADIR'),
(54, 3, '2020-12-24', NULL, NULL, 'LIBUR NASIONAL'),
(55, 3, '2020-12-25', NULL, NULL, 'LIBUR NASIONAL'),
(56, 3, '2020-12-26', NULL, NULL, ''),
(57, 3, '2020-12-27', NULL, NULL, ''),
(58, 3, '2020-12-28', '08:00:00', '16:00:00', 'HADIR'),
(59, 3, '2020-12-29', '08:00:00', '16:00:00', 'HADIR'),
(60, 3, '2020-12-30', '08:00:00', '16:00:00', 'HADIR'),
(61, 3, '2020-12-31', '08:00:00', '16:00:00', 'HADIR'),
(62, 3, '2021-01-01', NULL, NULL, 'LIBUR NASIONAL'),
(63, 3, '2021-01-02', NULL, NULL, ''),
(64, 3, '2021-01-03', NULL, NULL, ''),
(65, 3, '2021-01-04', '08:00:00', '16:00:00', 'HADIR'),
(66, 3, '2021-01-05', '08:00:00', '16:00:00', 'HADIR'),
(67, 3, '2021-01-06', '08:00:00', '16:00:00', 'HADIR'),
(68, 3, '2021-01-07', '08:00:00', '16:00:00', 'HADIR'),
(69, 3, '2021-01-08', '08:00:00', '16:00:00', 'HADIR'),
(70, 3, '2021-01-09', NULL, NULL, ''),
(71, 3, '2021-01-10', NULL, NULL, ''),
(72, 3, '2021-01-11', '08:00:00', '16:00:00', 'HADIR'),
(73, 3, '2021-01-12', '08:00:00', '16:00:00', 'HADIR'),
(74, 3, '2021-01-13', '08:00:00', '16:00:00', 'HADIR'),
(75, 3, '2021-01-14', '08:00:00', '16:00:00', 'HADIR'),
(76, 3, '2021-01-15', '08:00:00', '16:00:00', 'HADIR'),
(77, 3, '2021-01-16', NULL, NULL, ''),
(78, 3, '2021-01-17', NULL, NULL, ''),
(79, 3, '2021-01-18', '08:00:00', '16:00:00', 'HADIR'),
(80, 3, '2021-01-19', '08:00:00', '16:00:00', 'HADIR'),
(81, 3, '2021-01-20', '08:00:00', '16:00:00', 'HADIR'),
(82, 3, '2021-01-21', '08:00:00', '16:00:00', 'HADIR'),
(83, 3, '2021-01-22', '08:00:00', '16:00:00', 'HADIR'),
(84, 3, '2021-01-23', NULL, NULL, ''),
(85, 3, '2021-01-24', NULL, NULL, ''),
(86, 3, '2021-01-25', '08:00:00', '16:00:00', 'HADIR'),
(87, 3, '2021-01-26', '08:00:00', '16:00:00', 'HADIR'),
(88, 3, '2021-01-27', '08:00:00', '16:00:00', 'HADIR'),
(89, 3, '2021-01-28', '08:00:00', '16:00:00', 'HADIR'),
(90, 3, '2021-01-29', '08:00:00', '16:00:00', 'HADIR'),
(91, 3, '2021-01-30', NULL, NULL, ''),
(92, 3, '2021-01-31', NULL, NULL, ''),
(93, 4, '2020-11-01', NULL, NULL, ''),
(94, 4, '2020-11-02', '08:00:00', '16:00:00', 'HADIR'),
(95, 4, '2020-11-03', '08:35:00', '16:00:00', 'HADIR'),
(96, 4, '2020-11-04', NULL, NULL, 'SAKIT'),
(97, 4, '2020-11-05', '08:00:00', '16:00:00', 'HADIR'),
(98, 4, '2020-11-06', '08:00:00', '16:00:00', 'HADIR'),
(99, 4, '2020-11-07', NULL, NULL, ''),
(100, 4, '2020-11-08', NULL, NULL, ''),
(101, 4, '2020-11-09', '08:00:00', '16:00:00', 'HADIR'),
(102, 4, '2020-11-10', NULL, NULL, 'LIBUR NASIONAL'),
(103, 4, '2020-11-11', '08:00:00', '16:00:00', 'HADIR'),
(104, 4, '2020-11-12', '08:00:00', '16:00:00', 'HADIR'),
(105, 4, '2020-11-13', '08:00:00', '16:00:00', 'HADIR'),
(106, 4, '2020-11-14', NULL, NULL, ''),
(107, 4, '2020-11-15', NULL, NULL, ''),
(108, 4, '2020-11-16', '08:00:00', '16:00:00', 'HADIR'),
(109, 4, '2020-11-17', '08:00:00', '16:00:00', 'HADIR'),
(110, 4, '2020-11-18', '08:45:00', '16:00:00', 'HADIR'),
(111, 4, '2020-11-19', NULL, NULL, 'IZIN'),
(112, 4, '2020-11-20', '08:00:00', '16:00:00', 'HADIR'),
(113, 4, '2020-11-21', NULL, NULL, ''),
(114, 4, '2020-11-22', NULL, NULL, ''),
(115, 4, '2020-11-23', '08:00:00', '16:00:00', 'HADIR'),
(116, 4, '2020-11-24', '08:00:00', '16:00:00', 'HADIR'),
(117, 4, '2020-11-25', '08:00:00', '16:00:00', 'HADIR'),
(118, 4, '2020-11-26', '08:00:00', '16:00:00', 'HADIR'),
(119, 4, '2020-11-27', '08:00:00', '16:00:00', 'HADIR'),
(120, 4, '2020-11-28', NULL, NULL, ''),
(121, 4, '2020-11-29', NULL, NULL, ''),
(122, 4, '2020-11-30', '08:00:00', '16:00:00', 'HADIR'),
(123, 4, '2020-12-01', '08:00:00', '16:00:00', 'HADIR'),
(124, 4, '2020-12-02', '08:00:00', '16:00:00', 'HADIR'),
(125, 4, '2020-12-03', '08:00:00', '16:00:00', 'HADIR'),
(126, 4, '2020-12-04', '08:00:00', '16:00:00', 'HADIR'),
(127, 4, '2020-12-05', NULL, NULL, ''),
(128, 4, '2020-12-06', NULL, NULL, ''),
(129, 4, '2020-12-07', '08:00:00', '16:00:00', 'HADIR'),
(130, 4, '2020-12-08', '08:00:00', '16:00:00', 'HADIR'),
(131, 4, '2020-12-09', NULL, NULL, 'LIBUR NASIONAL'),
(132, 4, '2020-12-10', '08:00:00', '16:00:00', 'HADIR'),
(133, 4, '2020-12-11', '08:00:00', '16:00:00', 'HADIR'),
(134, 4, '2020-12-12', NULL, NULL, ''),
(135, 4, '2020-12-13', NULL, NULL, ''),
(136, 4, '2020-12-14', '08:00:00', '16:00:00', 'HADIR'),
(137, 4, '2020-12-15', '08:00:00', '16:00:00', 'HADIR'),
(138, 4, '2020-12-16', '08:00:00', '16:00:00', 'HADIR'),
(139, 4, '2020-12-17', NULL, NULL, 'SAKIT'),
(140, 4, '2020-12-18', '08:00:00', '16:00:00', 'HADIR'),
(141, 4, '2020-12-19', NULL, NULL, ''),
(142, 4, '2020-12-20', NULL, NULL, ''),
(143, 4, '2020-12-21', '08:00:00', '16:00:00', 'HADIR'),
(144, 4, '2020-12-22', '08:00:00', '16:00:00', 'HADIR'),
(145, 4, '2020-12-23', '08:00:00', '16:00:00', 'HADIR'),
(146, 4, '2020-12-24', NULL, NULL, 'LIBUR NASIONAL'),
(147, 4, '2020-12-25', NULL, NULL, 'LIBUR NASIONAL'),
(148, 4, '2020-12-26', NULL, NULL, ''),
(149, 4, '2020-12-27', NULL, NULL, ''),
(150, 4, '2020-12-28', '08:00:00', '16:00:00', 'HADIR'),
(151, 4, '2020-12-29', '08:50:00', '16:00:00', 'HADIR'),
(152, 4, '2020-12-30', '08:00:00', '16:00:00', 'HADIR'),
(153, 4, '2020-12-31', '08:00:00', '16:00:00', 'HADIR'),
(154, 4, '2021-01-01', NULL, NULL, 'LIBUR NASIONAL'),
(155, 4, '2021-01-02', NULL, NULL, ''),
(156, 4, '2021-01-03', NULL, NULL, ''),
(157, 4, '2021-01-04', '08:00:00', '16:00:00', 'HADIR'),
(158, 4, '2021-01-05', '08:00:00', '16:00:00', 'HADIR'),
(159, 4, '2021-01-06', '08:00:00', '16:00:00', 'HADIR'),
(160, 4, '2021-01-07', '08:00:00', '16:00:00', 'HADIR'),
(161, 4, '2021-01-08', '08:00:00', '16:00:00', 'HADIR'),
(162, 4, '2021-01-09', NULL, NULL, ''),
(163, 4, '2021-01-10', NULL, NULL, ''),
(164, 4, '2021-01-11', '08:00:00', '16:00:00', 'HADIR'),
(165, 4, '2021-01-12', '08:00:00', '16:00:00', 'HADIR'),
(166, 4, '2021-01-13', '08:00:00', '16:00:00', 'HADIR'),
(167, 4, '2021-01-14', '08:00:00', '16:00:00', 'HADIR'),
(168, 4, '2021-01-15', '08:00:00', '16:00:00', 'HADIR'),
(169, 4, '2021-01-16', NULL, NULL, ''),
(170, 4, '2021-01-17', NULL, NULL, ''),
(171, 4, '2021-01-18', '08:00:00', '16:00:00', 'HADIR'),
(172, 4, '2021-01-19', '08:00:00', '16:00:00', 'HADIR'),
(173, 4, '2021-01-20', '08:00:00', '16:00:00', 'HADIR'),
(174, 4, '2021-01-21', NULL, NULL, 'IZIN'),
(175, 4, '2021-01-22', '08:00:00', '16:00:00', 'HADIR'),
(176, 4, '2021-01-23', NULL, NULL, ''),
(177, 4, '2021-01-24', NULL, NULL, ''),
(178, 4, '2021-01-25', '08:00:00', '16:00:00', 'HADIR'),
(179, 4, '2021-01-26', '08:00:00', '16:00:00', 'HADIR'),
(180, 4, '2021-01-27', '08:40:00', '16:00:00', 'HADIR'),
(181, 4, '2021-01-28', '08:00:00', '16:00:00', 'HADIR'),
(182, 4, '2021-01-29', '08:00:00', '16:00:00', 'HADIR'),
(183, 4, '2021-01-30', NULL, NULL, ''),
(184, 4, '2021-01-31', NULL, NULL, ''),
(185, 5, '2020-11-01', NULL, NULL, ''),
(186, 5, '2020-11-02', '08:00:00', '16:00:00', 'HADIR'),
(187, 5, '2020-11-03', '08:00:00', '16:00:00', 'HADIR'),
(188, 5, '2020-11-04', '08:00:00', '16:00:00', 'HADIR'),
(189, 5, '2020-11-05', '08:00:00', '16:00:00', 'HADIR'),
(190, 5, '2020-11-06', '08:35:00', '16:00:00', 'HADIR'),
(191, 5, '2020-11-07', NULL, NULL, ''),
(192, 5, '2020-11-08', NULL, NULL, ''),
(193, 5, '2020-11-09', '08:00:00', '16:00:00', 'HADIR'),
(194, 5, '2020-11-10', NULL, NULL, 'LIBUR NASIONAL'),
(195, 5, '2020-11-11', '08:00:00', '16:00:00', 'HADIR'),
(196, 5, '2020-11-12', '08:00:00', '16:00:00', 'HADIR'),
(197, 5, '2020-11-13', '08:00:00', '16:00:00', 'HADIR'),
(198, 5, '2020-11-14', NULL, NULL, ''),
(199, 5, '2020-11-15', NULL, NULL, ''),
(200, 5, '2020-11-16', '08:00:00', '16:00:00', 'HADIR'),
(201, 5, '2020-11-17', '08:00:00', '16:00:00', 'HADIR'),
(202, 5, '2020-11-18', '08:35:00', '16:00:00', 'HADIR'),
(203, 5, '2020-11-19', '08:00:00', '16:00:00', 'HADIR'),
(204, 5, '2020-11-20', '08:00:00', '16:00:00', 'HADIR'),
(205, 5, '2020-11-21', NULL, NULL, ''),
(206, 5, '2020-11-22', NULL, NULL, ''),
(207, 5, '2020-11-23', '08:00:00', '16:00:00', 'HADIR'),
(208, 5, '2020-11-24', '08:00:00', '16:00:00', 'HADIR'),
(209, 5, '2020-11-25', NULL, NULL, 'SAKIT'),
(210, 5, '2020-11-26', '08:00:00', '16:00:00', 'HADIR'),
(211, 5, '2020-11-27', '08:00:00', '16:00:00', 'HADIR'),
(212, 5, '2020-11-28', NULL, NULL, ''),
(213, 5, '2020-11-29', NULL, NULL, ''),
(214, 5, '2020-11-30', '08:00:00', '16:00:00', 'HADIR'),
(215, 5, '2020-12-01', '08:00:00', '16:00:00', 'HADIR'),
(216, 5, '2020-12-02', '08:00:00', '16:00:00', 'HADIR'),
(217, 5, '2020-12-03', '08:00:00', '16:00:00', 'HADIR'),
(218, 5, '2020-12-04', '08:00:00', '16:00:00', 'HADIR'),
(219, 5, '2020-12-05', NULL, NULL, ''),
(220, 5, '2020-12-06', NULL, NULL, ''),
(221, 5, '2020-12-07', '08:00:00', '16:00:00', 'HADIR'),
(222, 5, '2020-12-08', '08:00:00', '16:00:00', 'HADIR'),
(223, 5, '2020-12-09', NULL, NULL, 'LIBUR NASIONAL'),
(224, 5, '2020-12-10', '08:00:00', '16:00:00', 'HADIR'),
(225, 5, '2020-12-11', '08:00:00', '16:00:00', 'HADIR'),
(226, 5, '2020-12-12', NULL, NULL, ''),
(227, 5, '2020-12-13', NULL, NULL, ''),
(228, 5, '2020-12-14', '08:00:00', '16:00:00', 'HADIR'),
(229, 5, '2020-12-15', '08:00:00', '16:00:00', 'HADIR'),
(230, 5, '2020-12-16', '08:00:00', '16:00:00', 'HADIR'),
(231, 5, '2020-12-17', '08:00:00', '16:00:00', 'HADIR'),
(232, 5, '2020-12-18', '08:00:00', '16:00:00', 'HADIR'),
(233, 5, '2020-12-19', NULL, NULL, ''),
(234, 5, '2020-12-20', NULL, NULL, ''),
(235, 5, '2020-12-21', '08:00:00', '16:00:00', 'HADIR'),
(236, 5, '2020-12-22', '08:00:00', '16:00:00', 'HADIR'),
(237, 5, '2020-12-23', '08:00:00', '16:00:00', 'HADIR'),
(238, 5, '2020-12-24', NULL, NULL, 'LIBUR NASIONAL'),
(239, 5, '2020-12-25', NULL, NULL, 'LIBUR NASIONAL'),
(240, 5, '2020-12-26', NULL, NULL, ''),
(241, 5, '2020-12-27', NULL, NULL, ''),
(242, 5, '2020-12-28', '08:00:00', '16:00:00', 'HADIR'),
(243, 5, '2020-12-29', '08:00:00', '16:00:00', 'HADIR'),
(244, 5, '2020-12-30', '08:00:00', '16:00:00', 'HADIR'),
(245, 5, '2020-12-31', '08:00:00', '16:00:00', 'HADIR'),
(246, 5, '2021-01-01', NULL, NULL, 'LIBUR NASIONAL'),
(247, 5, '2021-01-02', NULL, NULL, ''),
(248, 5, '2021-01-03', NULL, NULL, ''),
(249, 5, '2021-01-04', '08:00:00', '16:00:00', 'HADIR'),
(250, 5, '2021-01-05', '08:00:00', '16:00:00', 'HADIR'),
(251, 5, '2021-01-06', NULL, NULL, 'IZIN'),
(252, 5, '2021-01-07', '08:00:00', '16:00:00', 'HADIR'),
(253, 5, '2021-01-08', '08:00:00', '16:00:00', 'HADIR'),
(254, 5, '2021-01-09', NULL, NULL, ''),
(255, 5, '2021-01-10', NULL, NULL, ''),
(256, 5, '2021-01-11', '08:00:00', '16:00:00', 'HADIR'),
(257, 5, '2021-01-12', '08:00:00', '16:00:00', 'HADIR'),
(258, 5, '2021-01-13', '08:00:00', '16:00:00', 'HADIR'),
(259, 5, '2021-01-14', '08:00:00', '16:00:00', 'HADIR'),
(260, 5, '2021-01-15', '08:00:00', '16:00:00', 'HADIR'),
(261, 5, '2021-01-16', NULL, NULL, ''),
(262, 5, '2021-01-17', NULL, NULL, ''),
(263, 5, '2021-01-18', '08:00:00', '16:00:00', 'HADIR'),
(264, 5, '2021-01-19', '08:00:00', '16:00:00', 'HADIR'),
(265, 5, '2021-01-20', '08:00:00', '16:00:00', 'HADIR'),
(266, 5, '2021-01-21', '08:00:00', '16:00:00', 'HADIR'),
(267, 5, '2021-01-22', '08:00:00', '16:00:00', 'HADIR'),
(268, 5, '2021-01-23', NULL, NULL, ''),
(269, 5, '2021-01-24', NULL, NULL, ''),
(270, 5, '2021-01-25', '08:00:00', '16:00:00', 'HADIR'),
(271, 5, '2021-01-26', NULL, NULL, 'SAKIT'),
(272, 5, '2021-01-27', NULL, NULL, 'SAKIT'),
(273, 5, '2021-01-28', '08:00:00', '16:00:00', 'HADIR'),
(274, 5, '2021-01-29', '08:00:00', '16:00:00', 'HADIR'),
(275, 5, '2021-01-30', NULL, NULL, ''),
(276, 5, '2021-01-31', NULL, NULL, ''),
(277, 6, '2020-11-01', NULL, NULL, ''),
(278, 6, '2020-11-02', '08:00:00', '16:00:00', 'HADIR'),
(279, 6, '2020-11-03', '08:00:00', '16:00:00', 'HADIR'),
(280, 6, '2020-11-04', '08:00:00', '16:00:00', 'HADIR'),
(281, 6, '2020-11-05', '08:00:00', '16:00:00', 'HADIR'),
(282, 6, '2020-11-06', '08:00:00', '16:00:00', 'HADIR'),
(283, 6, '2020-11-07', NULL, NULL, ''),
(284, 6, '2020-11-08', NULL, NULL, ''),
(285, 6, '2020-11-09', '08:00:00', '16:00:00', 'HADIR'),
(286, 6, '2020-11-10', NULL, NULL, 'LIBUR NASIONAL'),
(287, 6, '2020-11-11', '08:00:00', '16:00:00', 'HADIR'),
(288, 6, '2020-11-12', '08:00:00', '16:00:00', 'HADIR'),
(289, 6, '2020-11-13', '08:00:00', '16:00:00', 'HADIR'),
(290, 6, '2020-11-14', NULL, NULL, ''),
(291, 6, '2020-11-15', NULL, NULL, ''),
(292, 6, '2020-11-16', '08:00:00', '16:00:00', 'HADIR'),
(293, 6, '2020-11-17', '08:00:00', '16:00:00', 'HADIR'),
(294, 6, '2020-11-18', '08:00:00', '16:00:00', 'HADIR'),
(295, 6, '2020-11-19', '08:00:00', '16:00:00', 'HADIR'),
(296, 6, '2020-11-20', '08:00:00', '16:00:00', 'HADIR'),
(297, 6, '2020-11-21', NULL, NULL, ''),
(298, 6, '2020-11-22', NULL, NULL, ''),
(299, 6, '2020-11-23', '08:00:00', '16:00:00', 'HADIR'),
(300, 6, '2020-11-24', '08:00:00', '16:00:00', 'HADIR'),
(301, 6, '2020-11-25', '08:00:00', '16:00:00', 'HADIR'),
(302, 6, '2020-11-26', '08:00:00', '16:00:00', 'HADIR'),
(303, 6, '2020-11-27', '08:00:00', '16:00:00', 'HADIR'),
(304, 6, '2020-11-28', NULL, NULL, ''),
(305, 6, '2020-11-29', NULL, NULL, ''),
(306, 6, '2020-11-30', '08:00:00', '16:00:00', 'HADIR'),
(307, 6, '2020-12-01', '08:00:00', '16:00:00', 'HADIR'),
(308, 6, '2020-12-02', '08:00:00', '16:00:00', 'HADIR'),
(309, 6, '2020-12-03', '08:00:00', '16:00:00', 'HADIR'),
(310, 6, '2020-12-04', '08:00:00', '16:00:00', 'HADIR'),
(311, 6, '2020-12-05', NULL, NULL, ''),
(312, 6, '2020-12-06', NULL, NULL, ''),
(313, 6, '2020-12-07', '08:00:00', '16:00:00', 'HADIR'),
(314, 6, '2020-12-08', '08:00:00', '16:00:00', 'HADIR'),
(315, 6, '2020-12-09', NULL, NULL, 'LIBUR NASIONAL'),
(316, 6, '2020-12-10', '08:00:00', '16:00:00', 'HADIR'),
(317, 6, '2020-12-11', '08:00:00', '16:00:00', 'HADIR'),
(318, 6, '2020-12-12', NULL, NULL, ''),
(319, 6, '2020-12-13', NULL, NULL, ''),
(320, 6, '2020-12-15', '08:00:00', '16:00:00', 'HADIR'),
(321, 6, '2020-12-16', '08:00:00', '16:00:00', 'HADIR'),
(322, 6, '2020-12-17', '08:00:00', '16:00:00', 'HADIR'),
(323, 6, '2020-12-18', '08:00:00', '16:00:00', 'HADIR'),
(324, 6, '2020-12-19', NULL, NULL, ''),
(325, 6, '2020-12-20', NULL, NULL, ''),
(326, 6, '2020-12-21', '08:00:00', '16:00:00', 'HADIR'),
(327, 6, '2020-12-22', '08:00:00', '16:00:00', 'HADIR'),
(328, 6, '2020-12-23', '08:00:00', '16:00:00', 'HADIR'),
(329, 6, '2020-12-24', NULL, NULL, 'LIBUR NASIONAL'),
(330, 6, '2020-12-25', NULL, NULL, 'LIBUR NASIONAL'),
(331, 6, '2020-12-26', NULL, NULL, ''),
(332, 6, '2020-12-27', NULL, NULL, ''),
(333, 6, '2020-12-28', '08:00:00', '16:00:00', 'HADIR'),
(334, 6, '2020-12-29', '08:00:00', '16:00:00', 'HADIR'),
(335, 6, '2020-12-30', '08:00:00', '16:00:00', 'HADIR'),
(336, 6, '2020-12-31', '08:00:00', '16:00:00', 'HADIR'),
(337, 6, '2021-01-01', NULL, NULL, 'LIBUR NASIONAL'),
(338, 6, '2021-01-02', NULL, NULL, ''),
(339, 6, '2021-01-03', NULL, NULL, ''),
(340, 6, '2021-01-04', '08:00:00', '16:00:00', 'HADIR'),
(341, 6, '2021-01-05', '08:00:00', '16:00:00', 'HADIR'),
(342, 6, '2021-01-06', '08:00:00', '16:00:00', 'HADIR'),
(343, 6, '2021-01-07', '08:00:00', '16:00:00', 'HADIR'),
(344, 6, '2021-01-08', '08:00:00', '16:00:00', 'HADIR'),
(345, 6, '2021-01-09', NULL, NULL, ''),
(346, 6, '2021-01-10', NULL, NULL, ''),
(347, 6, '2021-01-11', '08:00:00', '16:00:00', 'HADIR'),
(348, 6, '2021-01-12', '08:00:00', '16:00:00', 'HADIR'),
(349, 6, '2021-01-13', '08:00:00', '16:00:00', 'HADIR'),
(350, 6, '2021-01-14', '08:00:00', '16:00:00', 'HADIR'),
(351, 6, '2021-01-15', '08:00:00', '16:00:00', 'HADIR'),
(352, 6, '2021-01-16', NULL, NULL, ''),
(353, 6, '2021-01-17', NULL, NULL, ''),
(354, 6, '2021-01-18', '08:00:00', '16:00:00', 'HADIR'),
(355, 6, '2021-01-19', '08:00:00', '16:00:00', 'HADIR'),
(356, 6, '2021-01-20', '08:00:00', '16:00:00', 'HADIR'),
(357, 6, '2021-01-21', '08:00:00', '16:00:00', 'HADIR'),
(358, 6, '2021-01-22', '08:00:00', '16:00:00', 'HADIR'),
(359, 6, '2021-01-23', NULL, NULL, ''),
(360, 6, '2021-01-24', NULL, NULL, ''),
(361, 6, '2021-01-25', '08:00:00', '16:00:00', 'HADIR'),
(362, 6, '2021-01-26', '08:00:00', '16:00:00', 'HADIR'),
(363, 6, '2021-01-27', '08:00:00', '16:00:00', 'HADIR'),
(364, 6, '2021-01-28', '08:00:00', '16:00:00', 'HADIR'),
(365, 6, '2021-01-29', '08:00:00', '16:00:00', 'HADIR'),
(366, 6, '2021-01-30', NULL, NULL, ''),
(367, 6, '2021-01-31', NULL, NULL, ''),
(368, 7, '2020-11-01', NULL, NULL, ''),
(369, 7, '2020-11-02', '08:00:00', '16:00:00', 'HADIR'),
(370, 7, '2020-11-03', '08:35:00', '16:00:00', 'HADIR'),
(371, 7, '2020-11-04', NULL, NULL, 'SAKIT'),
(372, 7, '2020-11-05', '08:00:00', '16:00:00', 'HADIR'),
(373, 7, '2020-11-06', '08:00:00', '16:00:00', 'HADIR'),
(374, 7, '2020-11-07', NULL, NULL, ''),
(375, 7, '2020-11-08', NULL, NULL, ''),
(376, 7, '2020-11-09', '08:00:00', '16:00:00', 'HADIR'),
(377, 7, '2020-11-10', NULL, NULL, 'LIBUR NASIONAL'),
(378, 7, '2020-11-11', '08:00:00', '16:00:00', 'HADIR'),
(379, 7, '2020-11-12', '08:00:00', '16:00:00', 'HADIR'),
(380, 7, '2020-11-13', '08:00:00', '16:00:00', 'HADIR'),
(381, 7, '2020-11-14', NULL, NULL, ''),
(382, 7, '2020-11-15', NULL, NULL, ''),
(383, 7, '2020-11-16', '08:00:00', '16:00:00', 'HADIR'),
(384, 7, '2020-11-17', '08:00:00', '16:00:00', 'HADIR'),
(385, 7, '2020-11-18', '08:45:00', '16:00:00', 'HADIR'),
(386, 7, '2020-11-19', NULL, NULL, 'IZIN'),
(387, 7, '2020-11-20', '08:00:00', '16:00:00', 'HADIR'),
(388, 7, '2020-11-21', NULL, NULL, ''),
(389, 7, '2020-11-22', NULL, NULL, ''),
(390, 7, '2020-11-23', '08:00:00', '16:00:00', 'HADIR'),
(391, 7, '2020-11-24', '08:00:00', '16:00:00', 'HADIR'),
(392, 7, '2020-11-25', '08:00:00', '16:00:00', 'HADIR'),
(393, 7, '2020-11-26', '08:00:00', '16:00:00', 'HADIR'),
(394, 7, '2020-11-27', '08:00:00', '16:00:00', 'HADIR'),
(395, 7, '2020-11-28', NULL, NULL, ''),
(396, 7, '2020-11-29', NULL, NULL, ''),
(397, 7, '2020-11-30', '08:00:00', '16:00:00', 'HADIR'),
(398, 7, '2020-12-01', '08:00:00', '16:00:00', 'HADIR'),
(399, 7, '2020-12-02', '08:00:00', '16:00:00', 'HADIR'),
(400, 7, '2020-12-03', '08:00:00', '16:00:00', 'HADIR'),
(401, 7, '2020-12-04', '08:00:00', '16:00:00', 'HADIR'),
(402, 7, '2020-12-05', NULL, NULL, ''),
(403, 7, '2020-12-06', NULL, NULL, ''),
(404, 7, '2020-12-07', '08:00:00', '16:00:00', 'HADIR'),
(405, 7, '2020-12-08', '08:00:00', '16:00:00', 'HADIR'),
(406, 7, '2020-12-09', NULL, NULL, 'LIBUR NASIONAL'),
(407, 7, '2020-12-10', '08:00:00', '16:00:00', 'HADIR'),
(408, 7, '2020-12-11', '08:00:00', '16:00:00', 'HADIR'),
(409, 7, '2020-12-12', NULL, NULL, ''),
(410, 7, '2020-12-13', NULL, NULL, ''),
(411, 7, '2020-12-14', '08:00:00', '16:00:00', 'HADIR'),
(412, 7, '2020-12-15', '08:00:00', '16:00:00', 'HADIR'),
(413, 7, '2020-12-16', '08:00:00', '16:00:00', 'HADIR'),
(414, 7, '2020-12-17', NULL, NULL, 'SAKIT'),
(415, 7, '2020-12-19', NULL, NULL, ''),
(416, 7, '2020-12-20', NULL, NULL, ''),
(417, 7, '2020-12-21', '08:00:00', '16:00:00', 'HADIR'),
(418, 7, '2020-12-22', '08:00:00', '16:00:00', 'HADIR'),
(419, 7, '2020-12-23', '08:00:00', '16:00:00', 'HADIR'),
(420, 7, '2020-12-24', NULL, NULL, 'LIBUR NASIONAL'),
(421, 7, '2020-12-25', NULL, NULL, 'LIBUR NASIONAL'),
(422, 7, '2020-12-26', NULL, NULL, ''),
(423, 7, '2020-12-27', NULL, NULL, ''),
(424, 7, '2020-12-28', '08:00:00', '16:00:00', 'HADIR'),
(425, 7, '2020-12-29', '08:50:00', '16:00:00', 'HADIR'),
(426, 7, '2020-12-30', '08:00:00', '16:00:00', 'HADIR'),
(427, 7, '2020-12-31', '08:00:00', '16:00:00', 'HADIR'),
(428, 7, '2021-01-01', NULL, NULL, 'LIBUR NASIONAL'),
(429, 7, '2021-01-02', NULL, NULL, ''),
(430, 7, '2021-01-03', NULL, NULL, ''),
(431, 7, '2021-01-04', '08:55:00', '16:00:00', 'HADIR'),
(432, 7, '2021-01-05', '08:00:00', '16:00:00', 'HADIR'),
(433, 7, '2021-01-06', '08:00:00', '16:00:00', 'HADIR'),
(434, 7, '2021-01-07', '08:00:00', '16:00:00', 'HADIR'),
(435, 7, '2021-01-08', '08:00:00', '16:00:00', 'HADIR'),
(436, 7, '2021-01-09', NULL, NULL, ''),
(437, 7, '2021-01-10', NULL, NULL, ''),
(438, 7, '2021-01-11', '08:00:00', '16:00:00', 'HADIR'),
(439, 7, '2021-01-12', '08:00:00', '16:00:00', 'HADIR'),
(440, 7, '2021-01-13', '08:00:00', '16:00:00', 'HADIR'),
(441, 7, '2021-01-14', '08:00:00', '16:00:00', 'HADIR'),
(442, 7, '2021-01-15', '08:00:00', '16:00:00', 'HADIR'),
(443, 7, '2021-01-16', NULL, NULL, ''),
(444, 7, '2021-01-17', NULL, NULL, ''),
(445, 7, '2021-01-18', '08:00:00', '16:00:00', 'HADIR'),
(446, 7, '2021-01-19', '08:00:00', '16:00:00', 'HADIR'),
(447, 7, '2021-01-20', '08:00:00', '16:00:00', 'HADIR'),
(448, 7, '2021-01-21', NULL, NULL, 'IZIN'),
(449, 7, '2021-01-22', '08:00:00', '16:00:00', 'HADIR'),
(450, 7, '2021-01-23', NULL, NULL, ''),
(451, 7, '2021-01-24', NULL, NULL, ''),
(452, 7, '2021-01-25', '08:00:00', '16:00:00', 'HADIR'),
(453, 7, '2021-01-26', '08:00:00', '16:00:00', 'HADIR'),
(454, 7, '2021-01-27', '08:40:00', '16:00:00', 'HADIR'),
(455, 7, '2021-01-28', '08:00:00', '16:00:00', 'HADIR'),
(456, 7, '2021-01-29', '08:00:00', '16:00:00', 'HADIR'),
(457, 7, '2021-01-30', NULL, NULL, ''),
(458, 7, '2021-01-31', NULL, NULL, ''),
(459, 8, '2020-11-01', NULL, NULL, ''),
(460, 8, '2020-11-02', '08:00:00', '16:00:00', 'HADIR'),
(461, 8, '2020-11-03', '08:00:00', '16:00:00', 'HADIR'),
(462, 8, '2020-11-04', '08:00:00', '16:00:00', 'HADIR'),
(463, 8, '2020-11-05', '08:00:00', '16:00:00', 'HADIR'),
(464, 8, '2020-11-06', '08:35:00', '16:00:00', 'HADIR'),
(465, 8, '2020-11-07', NULL, NULL, ''),
(466, 8, '2020-11-08', NULL, NULL, ''),
(467, 8, '2020-11-09', '08:00:00', '16:00:00', 'HADIR'),
(468, 8, '2020-11-10', NULL, NULL, 'LIBUR NASIONAL'),
(469, 8, '2020-11-11', '08:00:00', '16:00:00', 'HADIR'),
(470, 8, '2020-11-12', '08:00:00', '16:00:00', 'HADIR'),
(471, 8, '2020-11-13', '08:00:00', '16:00:00', 'HADIR'),
(472, 8, '2020-11-14', NULL, NULL, ''),
(473, 8, '2020-11-15', NULL, NULL, ''),
(474, 8, '2020-11-16', '08:00:00', '16:00:00', 'HADIR'),
(475, 8, '2020-11-17', '08:00:00', '16:00:00', 'HADIR'),
(476, 8, '2020-11-18', '08:35:00', '16:00:00', 'HADIR'),
(477, 8, '2020-11-19', '08:00:00', '16:00:00', 'HADIR'),
(478, 8, '2020-11-20', '08:00:00', '16:00:00', 'HADIR'),
(479, 8, '2020-11-21', NULL, NULL, ''),
(480, 8, '2020-11-22', NULL, NULL, ''),
(481, 8, '2020-11-23', '08:00:00', '16:00:00', 'HADIR'),
(482, 8, '2020-11-24', '08:00:00', '16:00:00', 'HADIR'),
(483, 8, '2020-11-25', NULL, NULL, 'IZIN'),
(484, 8, '2020-11-26', '08:00:00', '16:00:00', 'HADIR'),
(485, 8, '2020-11-27', '08:00:00', '16:00:00', 'HADIR'),
(486, 8, '2020-11-28', NULL, NULL, ''),
(487, 8, '2020-11-29', NULL, NULL, ''),
(488, 8, '2020-11-30', '08:00:00', '16:00:00', 'HADIR'),
(489, 8, '2020-12-01', '08:00:00', '16:00:00', 'HADIR'),
(490, 8, '2020-12-02', NULL, NULL, 'CUTI'),
(491, 8, '2020-12-03', NULL, NULL, 'CUTI'),
(492, 8, '2020-12-04', '08:00:00', '16:00:00', 'HADIR'),
(493, 8, '2020-12-05', NULL, NULL, ''),
(494, 8, '2020-12-06', NULL, NULL, ''),
(495, 8, '2020-12-07', '08:00:00', '16:00:00', 'HADIR'),
(496, 8, '2020-12-08', '08:00:00', '16:00:00', 'HADIR'),
(497, 8, '2020-12-09', NULL, NULL, 'LIBUR NASIONAL'),
(498, 8, '2020-12-10', '08:00:00', '16:00:00', 'HADIR'),
(499, 8, '2020-12-11', '08:00:00', '16:00:00', 'HADIR'),
(500, 8, '2020-12-12', NULL, NULL, ''),
(501, 8, '2020-12-13', NULL, NULL, ''),
(502, 8, '2020-12-14', '08:37:00', '16:00:00', 'HADIR'),
(503, 8, '2020-12-15', '08:00:00', '16:00:00', 'HADIR'),
(504, 8, '2020-12-16', '08:00:00', '16:00:00', 'HADIR'),
(505, 8, '2020-12-17', '08:00:00', '16:00:00', 'HADIR'),
(506, 8, '2020-12-18', '08:00:00', '16:00:00', 'HADIR'),
(507, 8, '2020-12-19', NULL, NULL, ''),
(508, 8, '2020-12-20', NULL, NULL, ''),
(509, 8, '2020-12-21', '08:00:00', '16:00:00', 'HADIR'),
(510, 8, '2020-12-22', '08:00:00', '16:00:00', 'HADIR'),
(511, 8, '2020-12-23', '08:00:00', '16:00:00', 'HADIR'),
(512, 8, '2020-12-24', NULL, NULL, 'LIBUR NASIONAL'),
(513, 8, '2020-12-25', NULL, NULL, 'LIBUR NASIONAL'),
(514, 8, '2020-12-26', NULL, NULL, ''),
(515, 8, '2020-12-27', NULL, NULL, ''),
(516, 8, '2020-12-28', '08:00:00', '16:00:00', 'HADIR'),
(517, 8, '2020-12-29', '08:00:00', '16:00:00', 'HADIR'),
(518, 8, '2020-12-30', '08:35:00', '16:00:00', 'HADIR'),
(519, 8, '2020-12-31', '08:00:00', '16:00:00', 'HADIR'),
(520, 8, '2021-01-01', NULL, NULL, 'LIBUR NASIONAL'),
(521, 8, '2021-01-02', NULL, NULL, ''),
(522, 8, '2021-01-03', NULL, NULL, ''),
(523, 8, '2021-01-04', '08:00:00', '16:00:00', 'HADIR'),
(524, 8, '2021-01-05', '08:00:00', '16:00:00', 'HADIR'),
(525, 8, '2021-01-06', NULL, NULL, 'IZIN'),
(526, 8, '2021-01-07', '08:00:00', '16:00:00', 'HADIR'),
(527, 8, '2021-01-08', '08:00:00', '16:00:00', 'HADIR'),
(528, 8, '2021-01-09', NULL, NULL, ''),
(529, 8, '2021-01-10', NULL, NULL, ''),
(530, 8, '2021-01-11', '08:00:00', '16:00:00', 'HADIR'),
(531, 8, '2021-01-12', '08:00:00', '16:00:00', 'HADIR'),
(532, 8, '2021-01-13', '08:00:00', '16:00:00', 'HADIR'),
(533, 8, '2021-01-14', '08:00:00', '16:00:00', 'HADIR'),
(534, 8, '2021-01-15', '08:00:00', '16:00:00', 'HADIR'),
(535, 8, '2021-01-16', NULL, NULL, ''),
(536, 8, '2021-01-17', NULL, NULL, ''),
(537, 8, '2021-01-18', '08:00:00', '16:00:00', 'HADIR'),
(538, 8, '2021-01-19', '08:00:00', '16:00:00', 'HADIR'),
(539, 8, '2021-01-20', '08:00:00', '16:00:00', 'HADIR'),
(540, 8, '2021-01-21', '08:00:00', '16:00:00', 'HADIR'),
(541, 8, '2021-01-22', '08:00:00', '16:00:00', 'HADIR'),
(542, 8, '2021-01-23', NULL, NULL, ''),
(543, 8, '2021-01-24', NULL, NULL, ''),
(544, 8, '2021-01-25', '08:00:00', '16:00:00', 'HADIR'),
(545, 8, '2021-01-26', NULL, NULL, 'SAKIT'),
(546, 8, '2021-01-27', NULL, NULL, 'SAKIT'),
(547, 8, '2021-01-28', '08:00:00', '16:00:00', 'HADIR'),
(548, 8, '2021-01-29', '08:00:00', '16:00:00', 'HADIR'),
(549, 8, '2021-01-30', NULL, NULL, ''),
(550, 8, '2021-01-31', NULL, NULL, ''),
(551, 3, '2020-11-01', NULL, NULL, ''),
(552, 3, '2020-11-02', '08:00:00', '16:00:00', 'HADIR'),
(553, 3, '2020-11-03', '08:00:00', '16:00:00', 'HADIR'),
(554, 3, '2020-11-04', '08:00:00', '16:00:00', 'HADIR'),
(555, 3, '2020-11-05', '08:00:00', '16:00:00', 'HADIR'),
(556, 3, '2020-11-06', '08:00:00', '16:00:00', 'HADIR'),
(557, 3, '2020-11-07', NULL, NULL, ''),
(558, 3, '2020-11-08', NULL, NULL, ''),
(559, 3, '2020-11-09', '08:00:00', '16:00:00', 'HADIR'),
(560, 3, '2020-11-10', NULL, NULL, 'LIBUR NASIONAL'),
(561, 3, '2020-11-11', '08:00:00', '16:00:00', 'HADIR'),
(562, 3, '2020-11-12', '08:00:00', '16:00:00', 'HADIR'),
(563, 3, '2020-11-13', '08:00:00', '16:00:00', 'HADIR'),
(564, 3, '2020-11-14', NULL, NULL, ''),
(565, 3, '2020-11-15', NULL, NULL, ''),
(566, 3, '2020-11-16', '08:00:00', '16:00:00', 'HADIR'),
(567, 3, '2020-11-17', '08:00:00', '16:00:00', 'HADIR'),
(568, 3, '2020-11-18', '08:00:00', '16:00:00', 'HADIR'),
(569, 3, '2020-11-19', '08:00:00', '16:00:00', 'HADIR'),
(570, 3, '2020-11-20', '08:00:00', '16:00:00', 'HADIR'),
(571, 3, '2020-11-21', NULL, NULL, ''),
(572, 3, '2020-11-22', NULL, NULL, ''),
(573, 3, '2020-11-23', '08:00:00', '16:00:00', 'HADIR'),
(574, 3, '2020-11-24', '08:00:00', '16:00:00', 'HADIR'),
(575, 3, '2020-11-25', '08:00:00', '16:00:00', 'HADIR'),
(576, 3, '2020-11-26', '08:00:00', '16:00:00', 'HADIR'),
(577, 3, '2020-11-27', '08:00:00', '16:00:00', 'HADIR'),
(578, 3, '2020-11-28', NULL, NULL, ''),
(579, 3, '2020-11-29', NULL, NULL, ''),
(580, 3, '2020-11-30', '08:00:00', '16:00:00', 'HADIR'),
(581, 3, '2020-12-01', '08:00:00', '16:00:00', 'HADIR'),
(582, 3, '2020-12-02', '08:00:00', '16:00:00', 'HADIR'),
(583, 3, '2020-12-03', '08:00:00', '16:00:00', 'HADIR'),
(584, 3, '2020-12-04', '08:00:00', '16:00:00', 'HADIR'),
(585, 3, '2020-12-05', NULL, NULL, ''),
(586, 3, '2020-12-06', NULL, NULL, ''),
(587, 3, '2020-12-07', '08:00:00', '16:00:00', 'HADIR'),
(588, 3, '2020-12-08', '08:00:00', '16:00:00', 'HADIR'),
(589, 3, '2020-12-09', NULL, NULL, 'LIBUR NASIONAL'),
(590, 3, '2020-12-10', '08:00:00', '16:00:00', 'HADIR'),
(591, 3, '2020-12-11', '08:00:00', '16:00:00', 'HADIR'),
(592, 3, '2020-12-12', NULL, NULL, ''),
(593, 3, '2020-12-13', NULL, NULL, ''),
(594, 3, '2020-12-14', '08:00:00', '16:00:00', 'HADIR'),
(595, 3, '2020-12-15', '08:00:00', '16:00:00', 'HADIR'),
(596, 3, '2020-12-16', '08:00:00', '16:00:00', 'HADIR'),
(597, 3, '2020-12-17', '08:00:00', '16:00:00', 'HADIR'),
(598, 3, '2020-12-18', '08:00:00', '16:00:00', 'HADIR'),
(599, 3, '2020-12-19', NULL, NULL, ''),
(600, 3, '2020-12-20', NULL, NULL, ''),
(601, 3, '2020-12-21', '08:00:00', '16:00:00', 'HADIR'),
(602, 3, '2020-12-22', '08:00:00', '16:00:00', 'HADIR'),
(603, 3, '2020-12-23', '08:00:00', '16:00:00', 'HADIR'),
(604, 3, '2020-12-24', NULL, NULL, 'LIBUR NASIONAL'),
(605, 3, '2020-12-25', NULL, NULL, 'LIBUR NASIONAL'),
(606, 3, '2020-12-26', NULL, NULL, ''),
(607, 3, '2020-12-27', NULL, NULL, ''),
(608, 3, '2020-12-28', '08:00:00', '16:00:00', 'HADIR'),
(609, 3, '2020-12-29', '08:00:00', '16:00:00', 'HADIR'),
(610, 3, '2020-12-30', '08:00:00', '16:00:00', 'HADIR'),
(611, 3, '2020-12-31', '08:00:00', '16:00:00', 'HADIR'),
(612, 3, '2021-01-01', NULL, NULL, 'LIBUR NASIONAL'),
(613, 3, '2021-01-02', NULL, NULL, ''),
(614, 3, '2021-01-03', NULL, NULL, ''),
(615, 3, '2021-01-04', '08:00:00', '16:00:00', 'HADIR'),
(616, 3, '2021-01-05', '08:00:00', '16:00:00', 'HADIR'),
(617, 3, '2021-01-06', '08:00:00', '16:00:00', 'HADIR'),
(618, 3, '2021-01-07', '08:00:00', '16:00:00', 'HADIR'),
(619, 3, '2021-01-08', '08:00:00', '16:00:00', 'HADIR'),
(620, 3, '2021-01-09', NULL, NULL, ''),
(621, 3, '2021-01-10', NULL, NULL, ''),
(622, 3, '2021-01-11', '08:00:00', '16:00:00', 'HADIR'),
(623, 3, '2021-01-12', '08:00:00', '16:00:00', 'HADIR'),
(624, 3, '2021-01-13', '08:00:00', '16:00:00', 'HADIR'),
(625, 3, '2021-01-14', '08:00:00', '16:00:00', 'HADIR'),
(626, 3, '2021-01-15', '08:00:00', '16:00:00', 'HADIR'),
(627, 3, '2021-01-16', NULL, NULL, ''),
(628, 3, '2021-01-17', NULL, NULL, ''),
(629, 3, '2021-01-18', '08:00:00', '16:00:00', 'HADIR'),
(630, 3, '2021-01-19', '08:00:00', '16:00:00', 'HADIR'),
(631, 3, '2021-01-20', '08:00:00', '16:00:00', 'HADIR'),
(632, 3, '2021-01-21', '08:00:00', '16:00:00', 'HADIR'),
(633, 3, '2021-01-22', '08:00:00', '16:00:00', 'HADIR'),
(634, 3, '2021-01-23', NULL, NULL, ''),
(635, 3, '2021-01-24', NULL, NULL, ''),
(636, 3, '2021-01-25', '08:00:00', '16:00:00', 'HADIR'),
(637, 3, '2021-01-26', '08:00:00', '16:00:00', 'HADIR'),
(638, 3, '2021-01-27', '08:00:00', '16:00:00', 'HADIR'),
(639, 3, '2021-01-28', '08:00:00', '16:00:00', 'HADIR'),
(640, 3, '2021-01-29', '08:00:00', '16:00:00', 'HADIR'),
(641, 3, '2021-01-30', NULL, NULL, ''),
(642, 3, '2021-01-31', NULL, NULL, ''),
(643, 4, '2020-11-01', NULL, NULL, ''),
(644, 4, '2020-11-02', '08:00:00', '16:00:00', 'HADIR'),
(645, 4, '2020-11-03', '08:35:00', '16:00:00', 'HADIR'),
(646, 4, '2020-11-04', NULL, NULL, 'SAKIT'),
(647, 4, '2020-11-05', '08:00:00', '16:00:00', 'HADIR'),
(648, 4, '2020-11-06', '08:00:00', '16:00:00', 'HADIR'),
(649, 4, '2020-11-07', NULL, NULL, ''),
(650, 4, '2020-11-08', NULL, NULL, ''),
(651, 4, '2020-11-09', '08:00:00', '16:00:00', 'HADIR'),
(652, 4, '2020-11-10', NULL, NULL, 'LIBUR NASIONAL'),
(653, 4, '2020-11-11', '08:00:00', '16:00:00', 'HADIR'),
(654, 4, '2020-11-12', '08:00:00', '16:00:00', 'HADIR'),
(655, 4, '2020-11-13', '08:00:00', '16:00:00', 'HADIR'),
(656, 4, '2020-11-14', NULL, NULL, ''),
(657, 4, '2020-11-15', NULL, NULL, ''),
(658, 4, '2020-11-16', '08:00:00', '16:00:00', 'HADIR'),
(659, 4, '2020-11-17', '08:00:00', '16:00:00', 'HADIR'),
(660, 4, '2020-11-18', '08:45:00', '16:00:00', 'HADIR'),
(661, 4, '2020-11-19', NULL, NULL, 'IZIN'),
(662, 4, '2020-11-20', '08:00:00', '16:00:00', 'HADIR'),
(663, 4, '2020-11-21', NULL, NULL, ''),
(664, 4, '2020-11-22', NULL, NULL, ''),
(665, 4, '2020-11-23', '08:00:00', '16:00:00', 'HADIR'),
(666, 4, '2020-11-24', '08:00:00', '16:00:00', 'HADIR'),
(667, 4, '2020-11-25', '08:00:00', '16:00:00', 'HADIR'),
(668, 4, '2020-11-26', '08:00:00', '16:00:00', 'HADIR'),
(669, 4, '2020-11-27', '08:00:00', '16:00:00', 'HADIR'),
(670, 4, '2020-11-28', NULL, NULL, ''),
(671, 4, '2020-11-29', NULL, NULL, ''),
(672, 4, '2020-11-30', '08:00:00', '16:00:00', 'HADIR'),
(673, 4, '2020-12-01', '08:00:00', '16:00:00', 'HADIR'),
(674, 4, '2020-12-02', '08:00:00', '16:00:00', 'HADIR'),
(675, 4, '2020-12-03', '08:00:00', '16:00:00', 'HADIR'),
(676, 4, '2020-12-04', '08:00:00', '16:00:00', 'HADIR'),
(677, 4, '2020-12-05', NULL, NULL, ''),
(678, 4, '2020-12-06', NULL, NULL, ''),
(679, 4, '2020-12-07', '08:00:00', '16:00:00', 'HADIR'),
(680, 4, '2020-12-08', '08:00:00', '16:00:00', 'HADIR'),
(681, 4, '2020-12-09', NULL, NULL, 'LIBUR NASIONAL'),
(682, 4, '2020-12-10', '08:00:00', '16:00:00', 'HADIR'),
(683, 4, '2020-12-11', '08:00:00', '16:00:00', 'HADIR'),
(684, 4, '2020-12-12', NULL, NULL, ''),
(685, 4, '2020-12-13', NULL, NULL, ''),
(686, 4, '2020-12-14', '08:00:00', '16:00:00', 'HADIR'),
(687, 4, '2020-12-15', '08:00:00', '16:00:00', 'HADIR'),
(688, 4, '2020-12-16', '08:00:00', '16:00:00', 'HADIR'),
(689, 4, '2020-12-17', NULL, NULL, 'SAKIT'),
(690, 4, '2020-12-18', '08:00:00', '16:00:00', 'HADIR'),
(691, 4, '2020-12-19', NULL, NULL, ''),
(692, 4, '2020-12-20', NULL, NULL, ''),
(693, 4, '2020-12-21', '08:00:00', '16:00:00', 'HADIR'),
(694, 4, '2020-12-22', '08:00:00', '16:00:00', 'HADIR'),
(695, 4, '2020-12-23', '08:00:00', '16:00:00', 'HADIR'),
(696, 4, '2020-12-24', NULL, NULL, 'LIBUR NASIONAL'),
(697, 4, '2020-12-25', NULL, NULL, 'LIBUR NASIONAL'),
(698, 4, '2020-12-26', NULL, NULL, ''),
(699, 4, '2020-12-27', NULL, NULL, ''),
(700, 4, '2020-12-28', '08:00:00', '16:00:00', 'HADIR'),
(701, 4, '2020-12-29', '08:50:00', '16:00:00', 'HADIR'),
(702, 4, '2020-12-30', '08:00:00', '16:00:00', 'HADIR'),
(703, 4, '2020-12-31', '08:00:00', '16:00:00', 'HADIR'),
(704, 4, '2021-01-01', NULL, NULL, 'LIBUR NASIONAL'),
(705, 4, '2021-01-02', NULL, NULL, ''),
(706, 4, '2021-01-03', NULL, NULL, ''),
(707, 4, '2021-01-04', '08:00:00', '16:00:00', 'HADIR'),
(708, 4, '2021-01-05', '08:00:00', '16:00:00', 'HADIR'),
(709, 4, '2021-01-06', '08:00:00', '16:00:00', 'HADIR'),
(710, 4, '2021-01-07', '08:00:00', '16:00:00', 'HADIR'),
(711, 4, '2021-01-08', '08:00:00', '16:00:00', 'HADIR'),
(712, 4, '2021-01-09', NULL, NULL, ''),
(713, 4, '2021-01-10', NULL, NULL, ''),
(714, 4, '2021-01-11', '08:00:00', '16:00:00', 'HADIR'),
(715, 4, '2021-01-12', '08:00:00', '16:00:00', 'HADIR'),
(716, 4, '2021-01-13', '08:00:00', '16:00:00', 'HADIR'),
(717, 4, '2021-01-14', '08:00:00', '16:00:00', 'HADIR'),
(718, 4, '2021-01-15', '08:00:00', '16:00:00', 'HADIR'),
(719, 4, '2021-01-16', NULL, NULL, ''),
(720, 4, '2021-01-17', NULL, NULL, ''),
(721, 4, '2021-01-18', '08:00:00', '16:00:00', 'HADIR'),
(722, 4, '2021-01-19', '08:00:00', '16:00:00', 'HADIR'),
(723, 4, '2021-01-20', '08:00:00', '16:00:00', 'HADIR'),
(724, 4, '2021-01-21', NULL, NULL, 'IZIN'),
(725, 4, '2021-01-22', '08:00:00', '16:00:00', 'HADIR'),
(726, 4, '2021-01-23', NULL, NULL, ''),
(727, 4, '2021-01-24', NULL, NULL, ''),
(728, 4, '2021-01-25', '08:00:00', '16:00:00', 'HADIR'),
(729, 4, '2021-01-26', '08:00:00', '16:00:00', 'HADIR'),
(730, 4, '2021-01-27', '08:40:00', '16:00:00', 'HADIR'),
(731, 4, '2021-01-28', '08:00:00', '16:00:00', 'HADIR'),
(732, 4, '2021-01-29', '08:00:00', '16:00:00', 'HADIR'),
(733, 4, '2021-01-30', NULL, NULL, ''),
(734, 4, '2021-01-31', NULL, NULL, ''),
(735, 5, '2020-11-01', NULL, NULL, ''),
(736, 5, '2020-11-02', '08:00:00', '16:00:00', 'HADIR'),
(737, 5, '2020-11-03', '08:00:00', '16:00:00', 'HADIR'),
(738, 5, '2020-11-04', '08:00:00', '16:00:00', 'HADIR'),
(739, 5, '2020-11-05', '08:00:00', '16:00:00', 'HADIR'),
(740, 5, '2020-11-06', '08:35:00', '16:00:00', 'HADIR'),
(741, 5, '2020-11-07', NULL, NULL, ''),
(742, 5, '2020-11-08', NULL, NULL, ''),
(743, 5, '2020-11-09', '08:00:00', '16:00:00', 'HADIR'),
(744, 5, '2020-11-10', NULL, NULL, 'LIBUR NASIONAL'),
(745, 5, '2020-11-11', '08:00:00', '16:00:00', 'HADIR'),
(746, 5, '2020-11-12', '08:00:00', '16:00:00', 'HADIR'),
(747, 5, '2020-11-13', '08:00:00', '16:00:00', 'HADIR'),
(748, 5, '2020-11-14', NULL, NULL, ''),
(749, 5, '2020-11-15', NULL, NULL, ''),
(750, 5, '2020-11-16', '08:00:00', '16:00:00', 'HADIR'),
(751, 5, '2020-11-17', '08:00:00', '16:00:00', 'HADIR'),
(752, 5, '2020-11-18', '08:35:00', '16:00:00', 'HADIR'),
(753, 5, '2020-11-19', '08:00:00', '16:00:00', 'HADIR'),
(754, 5, '2020-11-20', '08:00:00', '16:00:00', 'HADIR'),
(755, 5, '2020-11-21', NULL, NULL, ''),
(756, 5, '2020-11-22', NULL, NULL, ''),
(757, 5, '2020-11-23', '08:00:00', '16:00:00', 'HADIR'),
(758, 5, '2020-11-24', '08:00:00', '16:00:00', 'HADIR'),
(759, 5, '2020-11-25', NULL, NULL, 'SAKIT'),
(760, 5, '2020-11-26', '08:00:00', '16:00:00', 'HADIR'),
(761, 5, '2020-11-27', '08:00:00', '16:00:00', 'HADIR'),
(762, 5, '2020-11-28', NULL, NULL, ''),
(763, 5, '2020-11-29', NULL, NULL, ''),
(764, 5, '2020-11-30', '08:00:00', '16:00:00', 'HADIR'),
(765, 5, '2020-12-01', '08:00:00', '16:00:00', 'HADIR'),
(766, 5, '2020-12-02', '08:00:00', '16:00:00', 'HADIR'),
(767, 5, '2020-12-03', '08:00:00', '16:00:00', 'HADIR'),
(768, 5, '2020-12-04', '08:00:00', '16:00:00', 'HADIR'),
(769, 5, '2020-12-05', NULL, NULL, ''),
(770, 5, '2020-12-06', NULL, NULL, ''),
(771, 5, '2020-12-07', '08:00:00', '16:00:00', 'HADIR'),
(772, 5, '2020-12-08', '08:00:00', '16:00:00', 'HADIR'),
(773, 5, '2020-12-09', NULL, NULL, 'LIBUR NASIONAL'),
(774, 5, '2020-12-10', '08:00:00', '16:00:00', 'HADIR'),
(775, 5, '2020-12-11', '08:00:00', '16:00:00', 'HADIR'),
(776, 5, '2020-12-12', NULL, NULL, ''),
(777, 5, '2020-12-13', NULL, NULL, ''),
(778, 5, '2020-12-14', '08:00:00', '16:00:00', 'HADIR'),
(779, 5, '2020-12-15', '08:00:00', '16:00:00', 'HADIR'),
(780, 5, '2020-12-16', '08:00:00', '16:00:00', 'HADIR'),
(781, 5, '2020-12-17', '08:00:00', '16:00:00', 'HADIR'),
(782, 5, '2020-12-18', '08:00:00', '16:00:00', 'HADIR'),
(783, 5, '2020-12-19', NULL, NULL, ''),
(784, 5, '2020-12-20', NULL, NULL, ''),
(785, 5, '2020-12-21', '08:00:00', '16:00:00', 'HADIR'),
(786, 5, '2020-12-22', '08:00:00', '16:00:00', 'HADIR'),
(787, 5, '2020-12-23', '08:00:00', '16:00:00', 'HADIR'),
(788, 5, '2020-12-24', NULL, NULL, 'LIBUR NASIONAL'),
(789, 5, '2020-12-25', NULL, NULL, 'LIBUR NASIONAL'),
(790, 5, '2020-12-26', NULL, NULL, ''),
(791, 5, '2020-12-27', NULL, NULL, ''),
(792, 5, '2020-12-28', '08:00:00', '16:00:00', 'HADIR'),
(793, 5, '2020-12-29', '08:00:00', '16:00:00', 'HADIR'),
(794, 5, '2020-12-30', '08:00:00', '16:00:00', 'HADIR'),
(795, 5, '2020-12-31', '08:00:00', '16:00:00', 'HADIR'),
(796, 5, '2021-01-01', NULL, NULL, 'LIBUR NASIONAL'),
(797, 5, '2021-01-02', NULL, NULL, ''),
(798, 5, '2021-01-03', NULL, NULL, ''),
(799, 5, '2021-01-04', '08:00:00', '16:00:00', 'HADIR'),
(800, 5, '2021-01-05', '08:00:00', '16:00:00', 'HADIR'),
(801, 5, '2021-01-06', NULL, NULL, 'IZIN'),
(802, 5, '2021-01-07', '08:00:00', '16:00:00', 'HADIR'),
(803, 5, '2021-01-08', '08:00:00', '16:00:00', 'HADIR'),
(804, 5, '2021-01-09', NULL, NULL, ''),
(805, 5, '2021-01-10', NULL, NULL, ''),
(806, 5, '2021-01-11', '08:00:00', '16:00:00', 'HADIR'),
(807, 5, '2021-01-12', '08:00:00', '16:00:00', 'HADIR'),
(808, 5, '2021-01-13', '08:00:00', '16:00:00', 'HADIR'),
(809, 5, '2021-01-14', '08:00:00', '16:00:00', 'HADIR'),
(810, 5, '2021-01-15', '08:00:00', '16:00:00', 'HADIR'),
(811, 5, '2021-01-16', NULL, NULL, ''),
(812, 5, '2021-01-17', NULL, NULL, ''),
(813, 5, '2021-01-18', '08:00:00', '16:00:00', 'HADIR'),
(814, 5, '2021-01-19', '08:00:00', '16:00:00', 'HADIR'),
(815, 5, '2021-01-20', '08:00:00', '16:00:00', 'HADIR'),
(816, 5, '2021-01-21', '08:00:00', '16:00:00', 'HADIR'),
(817, 5, '2021-01-22', '08:00:00', '16:00:00', 'HADIR'),
(818, 5, '2021-01-23', NULL, NULL, ''),
(819, 5, '2021-01-24', NULL, NULL, ''),
(820, 5, '2021-01-25', '08:00:00', '16:00:00', 'HADIR'),
(821, 5, '2021-01-26', NULL, NULL, 'SAKIT'),
(822, 5, '2021-01-27', NULL, NULL, 'SAKIT'),
(823, 5, '2021-01-28', '08:00:00', '16:00:00', 'HADIR'),
(824, 5, '2021-01-29', '08:00:00', '16:00:00', 'HADIR'),
(825, 5, '2021-01-30', NULL, NULL, ''),
(826, 5, '2021-01-31', NULL, NULL, ''),
(827, 6, '2020-11-01', NULL, NULL, ''),
(828, 6, '2020-11-02', '08:00:00', '16:00:00', 'HADIR'),
(829, 6, '2020-11-03', '08:00:00', '16:00:00', 'HADIR'),
(830, 6, '2020-11-04', '08:00:00', '16:00:00', 'HADIR'),
(831, 6, '2020-11-05', '08:00:00', '16:00:00', 'HADIR'),
(832, 6, '2020-11-06', '08:00:00', '16:00:00', 'HADIR'),
(833, 6, '2020-11-07', NULL, NULL, ''),
(834, 6, '2020-11-08', NULL, NULL, ''),
(835, 6, '2020-11-09', '08:00:00', '16:00:00', 'HADIR'),
(836, 6, '2020-11-10', NULL, NULL, 'LIBUR NASIONAL'),
(837, 6, '2020-11-11', '08:00:00', '16:00:00', 'HADIR'),
(838, 6, '2020-11-12', '08:00:00', '16:00:00', 'HADIR'),
(839, 6, '2020-11-13', '08:00:00', '16:00:00', 'HADIR'),
(840, 6, '2020-11-14', NULL, NULL, ''),
(841, 6, '2020-11-15', NULL, NULL, ''),
(842, 6, '2020-11-16', '08:00:00', '16:00:00', 'HADIR'),
(843, 6, '2020-11-17', '08:00:00', '16:00:00', 'HADIR'),
(844, 6, '2020-11-18', '08:00:00', '16:00:00', 'HADIR'),
(845, 6, '2020-11-19', '08:00:00', '16:00:00', 'HADIR'),
(846, 6, '2020-11-20', '08:00:00', '16:00:00', 'HADIR'),
(847, 6, '2020-11-21', NULL, NULL, ''),
(848, 6, '2020-11-22', NULL, NULL, ''),
(849, 6, '2020-11-23', '08:00:00', '16:00:00', 'HADIR'),
(850, 6, '2020-11-24', '08:00:00', '16:00:00', 'HADIR'),
(851, 6, '2020-11-25', '08:00:00', '16:00:00', 'HADIR'),
(852, 6, '2020-11-26', '08:00:00', '16:00:00', 'HADIR'),
(853, 6, '2020-11-27', '08:00:00', '16:00:00', 'HADIR'),
(854, 6, '2020-11-28', NULL, NULL, ''),
(855, 6, '2020-11-29', NULL, NULL, ''),
(856, 6, '2020-11-30', '08:00:00', '16:00:00', 'HADIR'),
(857, 6, '2020-12-01', '08:00:00', '16:00:00', 'HADIR'),
(858, 6, '2020-12-02', '08:00:00', '16:00:00', 'HADIR'),
(859, 6, '2020-12-03', '08:00:00', '16:00:00', 'HADIR'),
(860, 6, '2020-12-04', '08:00:00', '16:00:00', 'HADIR'),
(861, 6, '2020-12-05', NULL, NULL, ''),
(862, 6, '2020-12-06', NULL, NULL, ''),
(863, 6, '2020-12-07', '08:00:00', '16:00:00', 'HADIR'),
(864, 6, '2020-12-08', '08:00:00', '16:00:00', 'HADIR'),
(865, 6, '2020-12-09', NULL, NULL, 'LIBUR NASIONAL'),
(866, 6, '2020-12-10', '08:00:00', '16:00:00', 'HADIR'),
(867, 6, '2020-12-11', '08:00:00', '16:00:00', 'HADIR'),
(868, 6, '2020-12-12', NULL, NULL, ''),
(869, 6, '2020-12-13', NULL, NULL, ''),
(870, 6, '2020-12-15', '08:00:00', '16:00:00', 'HADIR'),
(871, 6, '2020-12-16', '08:00:00', '16:00:00', 'HADIR'),
(872, 6, '2020-12-17', '08:00:00', '16:00:00', 'HADIR'),
(873, 6, '2020-12-18', '08:00:00', '16:00:00', 'HADIR'),
(874, 6, '2020-12-19', NULL, NULL, ''),
(875, 6, '2020-12-20', NULL, NULL, ''),
(876, 6, '2020-12-21', '08:00:00', '16:00:00', 'HADIR'),
(877, 6, '2020-12-22', '08:00:00', '16:00:00', 'HADIR'),
(878, 6, '2020-12-23', '08:00:00', '16:00:00', 'HADIR'),
(879, 6, '2020-12-24', NULL, NULL, 'LIBUR NASIONAL'),
(880, 6, '2020-12-25', NULL, NULL, 'LIBUR NASIONAL'),
(881, 6, '2020-12-26', NULL, NULL, ''),
(882, 6, '2020-12-27', NULL, NULL, ''),
(883, 6, '2020-12-28', '08:00:00', '16:00:00', 'HADIR'),
(884, 6, '2020-12-29', '08:00:00', '16:00:00', 'HADIR'),
(885, 6, '2020-12-30', '08:00:00', '16:00:00', 'HADIR'),
(886, 6, '2020-12-31', '08:00:00', '16:00:00', 'HADIR'),
(887, 6, '2021-01-01', NULL, NULL, 'LIBUR NASIONAL'),
(888, 6, '2021-01-02', NULL, NULL, ''),
(889, 6, '2021-01-03', NULL, NULL, ''),
(890, 6, '2021-01-04', '08:00:00', '16:00:00', 'HADIR'),
(891, 6, '2021-01-05', '08:00:00', '16:00:00', 'HADIR'),
(892, 6, '2021-01-06', '08:00:00', '16:00:00', 'HADIR'),
(893, 6, '2021-01-07', '08:00:00', '16:00:00', 'HADIR'),
(894, 6, '2021-01-08', '08:00:00', '16:00:00', 'HADIR'),
(895, 6, '2021-01-09', NULL, NULL, ''),
(896, 6, '2021-01-10', NULL, NULL, ''),
(897, 6, '2021-01-11', '08:00:00', '16:00:00', 'HADIR'),
(898, 6, '2021-01-12', '08:00:00', '16:00:00', 'HADIR'),
(899, 6, '2021-01-13', '08:00:00', '16:00:00', 'HADIR'),
(900, 6, '2021-01-14', '08:00:00', '16:00:00', 'HADIR'),
(901, 6, '2021-01-15', '08:00:00', '16:00:00', 'HADIR'),
(902, 6, '2021-01-16', NULL, NULL, ''),
(903, 6, '2021-01-17', NULL, NULL, ''),
(904, 6, '2021-01-18', '08:00:00', '16:00:00', 'HADIR'),
(905, 6, '2021-01-19', '08:00:00', '16:00:00', 'HADIR'),
(906, 6, '2021-01-20', '08:00:00', '16:00:00', 'HADIR'),
(907, 6, '2021-01-21', '08:00:00', '16:00:00', 'HADIR'),
(908, 6, '2021-01-22', '08:00:00', '16:00:00', 'HADIR'),
(909, 6, '2021-01-23', NULL, NULL, ''),
(910, 6, '2021-01-24', NULL, NULL, ''),
(911, 6, '2021-01-25', '08:00:00', '16:00:00', 'HADIR'),
(912, 6, '2021-01-26', '08:00:00', '16:00:00', 'HADIR'),
(913, 6, '2021-01-27', '08:00:00', '16:00:00', 'HADIR'),
(914, 6, '2021-01-28', '08:00:00', '16:00:00', 'HADIR'),
(915, 6, '2021-01-29', '08:00:00', '16:00:00', 'HADIR'),
(916, 6, '2021-01-30', NULL, NULL, ''),
(917, 6, '2021-01-31', NULL, NULL, ''),
(918, 7, '2020-11-01', NULL, NULL, ''),
(919, 7, '2020-11-02', '08:00:00', '16:00:00', 'HADIR'),
(920, 7, '2020-11-03', '08:35:00', '16:00:00', 'HADIR'),
(921, 7, '2020-11-04', NULL, NULL, 'SAKIT'),
(922, 7, '2020-11-05', '08:00:00', '16:00:00', 'HADIR'),
(923, 7, '2020-11-06', '08:00:00', '16:00:00', 'HADIR'),
(924, 7, '2020-11-07', NULL, NULL, ''),
(925, 7, '2020-11-08', NULL, NULL, ''),
(926, 7, '2020-11-09', '08:00:00', '16:00:00', 'HADIR'),
(927, 7, '2020-11-10', NULL, NULL, 'LIBUR NASIONAL'),
(928, 7, '2020-11-11', '08:00:00', '16:00:00', 'HADIR'),
(929, 7, '2020-11-12', '08:00:00', '16:00:00', 'HADIR'),
(930, 7, '2020-11-13', '08:00:00', '16:00:00', 'HADIR'),
(931, 7, '2020-11-14', NULL, NULL, ''),
(932, 7, '2020-11-15', NULL, NULL, ''),
(933, 7, '2020-11-16', '08:00:00', '16:00:00', 'HADIR'),
(934, 7, '2020-11-17', '08:00:00', '16:00:00', 'HADIR'),
(935, 7, '2020-11-18', '08:45:00', '16:00:00', 'HADIR'),
(936, 7, '2020-11-19', NULL, NULL, 'IZIN'),
(937, 7, '2020-11-20', '08:00:00', '16:00:00', 'HADIR'),
(938, 7, '2020-11-21', NULL, NULL, ''),
(939, 7, '2020-11-22', NULL, NULL, ''),
(940, 7, '2020-11-23', '08:00:00', '16:00:00', 'HADIR'),
(941, 7, '2020-11-24', '08:00:00', '16:00:00', 'HADIR'),
(942, 7, '2020-11-25', '08:00:00', '16:00:00', 'HADIR'),
(943, 7, '2020-11-26', '08:00:00', '16:00:00', 'HADIR'),
(944, 7, '2020-11-27', '08:00:00', '16:00:00', 'HADIR'),
(945, 7, '2020-11-28', NULL, NULL, ''),
(946, 7, '2020-11-29', NULL, NULL, ''),
(947, 7, '2020-11-30', '08:00:00', '16:00:00', 'HADIR'),
(948, 7, '2020-12-01', '08:00:00', '16:00:00', 'HADIR'),
(949, 7, '2020-12-02', '08:00:00', '16:00:00', 'HADIR'),
(950, 7, '2020-12-03', '08:00:00', '16:00:00', 'HADIR'),
(951, 7, '2020-12-04', '08:00:00', '16:00:00', 'HADIR'),
(952, 7, '2020-12-05', NULL, NULL, ''),
(953, 7, '2020-12-06', NULL, NULL, ''),
(954, 7, '2020-12-07', '08:00:00', '16:00:00', 'HADIR'),
(955, 7, '2020-12-08', '08:00:00', '16:00:00', 'HADIR'),
(956, 7, '2020-12-09', NULL, NULL, 'LIBUR NASIONAL'),
(957, 7, '2020-12-10', '08:00:00', '16:00:00', 'HADIR'),
(958, 7, '2020-12-11', '08:00:00', '16:00:00', 'HADIR'),
(959, 7, '2020-12-12', NULL, NULL, ''),
(960, 7, '2020-12-13', NULL, NULL, ''),
(961, 7, '2020-12-14', '08:00:00', '16:00:00', 'HADIR'),
(962, 7, '2020-12-15', '08:00:00', '16:00:00', 'HADIR'),
(963, 7, '2020-12-16', '08:00:00', '16:00:00', 'HADIR'),
(964, 7, '2020-12-17', NULL, NULL, 'SAKIT'),
(965, 7, '2020-12-19', NULL, NULL, ''),
(966, 7, '2020-12-20', NULL, NULL, ''),
(967, 7, '2020-12-21', '08:00:00', '16:00:00', 'HADIR'),
(968, 7, '2020-12-22', '08:00:00', '16:00:00', 'HADIR'),
(969, 7, '2020-12-23', '08:00:00', '16:00:00', 'HADIR'),
(970, 7, '2020-12-24', NULL, NULL, 'LIBUR NASIONAL'),
(971, 7, '2020-12-25', NULL, NULL, 'LIBUR NASIONAL'),
(972, 7, '2020-12-26', NULL, NULL, ''),
(973, 7, '2020-12-27', NULL, NULL, ''),
(974, 7, '2020-12-28', '08:00:00', '16:00:00', 'HADIR'),
(975, 7, '2020-12-29', '08:50:00', '16:00:00', 'HADIR'),
(976, 7, '2020-12-30', '08:00:00', '16:00:00', 'HADIR'),
(977, 7, '2020-12-31', '08:00:00', '16:00:00', 'HADIR'),
(978, 7, '2021-01-01', NULL, NULL, 'LIBUR NASIONAL'),
(979, 7, '2021-01-02', NULL, NULL, ''),
(980, 7, '2021-01-03', NULL, NULL, ''),
(981, 7, '2021-01-04', '08:55:00', '16:00:00', 'HADIR'),
(982, 7, '2021-01-05', '08:00:00', '16:00:00', 'HADIR'),
(983, 7, '2021-01-06', '08:00:00', '16:00:00', 'HADIR'),
(984, 7, '2021-01-07', '08:00:00', '16:00:00', 'HADIR'),
(985, 7, '2021-01-08', '08:00:00', '16:00:00', 'HADIR'),
(986, 7, '2021-01-09', NULL, NULL, ''),
(987, 7, '2021-01-10', NULL, NULL, ''),
(988, 7, '2021-01-11', '08:00:00', '16:00:00', 'HADIR'),
(989, 7, '2021-01-12', '08:00:00', '16:00:00', 'HADIR'),
(990, 7, '2021-01-13', '08:00:00', '16:00:00', 'HADIR'),
(991, 7, '2021-01-14', '08:00:00', '16:00:00', 'HADIR'),
(992, 7, '2021-01-15', '08:00:00', '16:00:00', 'HADIR'),
(993, 7, '2021-01-16', NULL, NULL, ''),
(994, 7, '2021-01-17', NULL, NULL, ''),
(995, 7, '2021-01-18', '08:00:00', '16:00:00', 'HADIR'),
(996, 7, '2021-01-19', '08:00:00', '16:00:00', 'HADIR'),
(997, 7, '2021-01-20', '08:00:00', '16:00:00', 'HADIR'),
(998, 7, '2021-01-21', NULL, NULL, 'IZIN'),
(999, 7, '2021-01-22', '08:00:00', '16:00:00', 'HADIR'),
(1000, 7, '2021-01-23', NULL, NULL, ''),
(1001, 7, '2021-01-24', NULL, NULL, ''),
(1002, 7, '2021-01-25', '08:00:00', '16:00:00', 'HADIR'),
(1003, 7, '2021-01-26', '08:00:00', '16:00:00', 'HADIR'),
(1004, 7, '2021-01-27', '08:40:00', '16:00:00', 'HADIR'),
(1005, 7, '2021-01-28', '08:00:00', '16:00:00', 'HADIR'),
(1006, 7, '2021-01-29', '08:00:00', '16:00:00', 'HADIR'),
(1007, 7, '2021-01-30', NULL, NULL, ''),
(1008, 7, '2021-01-31', NULL, NULL, ''),
(1009, 8, '2020-11-01', NULL, NULL, ''),
(1010, 8, '2020-11-02', '08:00:00', '16:00:00', 'HADIR');
INSERT INTO `presensi` (`id`, `karyawan_id`, `tanggal`, `jam_masuk`, `jam_keluar`, `keterangan`) VALUES
(1011, 8, '2020-11-03', '08:00:00', '16:00:00', 'HADIR'),
(1012, 8, '2020-11-04', '08:00:00', '16:00:00', 'HADIR'),
(1013, 8, '2020-11-05', '08:00:00', '16:00:00', 'HADIR'),
(1014, 8, '2020-11-06', '08:35:00', '16:00:00', 'HADIR'),
(1015, 8, '2020-11-07', NULL, NULL, ''),
(1016, 8, '2020-11-08', NULL, NULL, ''),
(1017, 8, '2020-11-09', '08:00:00', '16:00:00', 'HADIR'),
(1018, 8, '2020-11-10', NULL, NULL, 'LIBUR NASIONAL'),
(1019, 8, '2020-11-11', '08:00:00', '16:00:00', 'HADIR'),
(1020, 8, '2020-11-12', '08:00:00', '16:00:00', 'HADIR'),
(1021, 8, '2020-11-13', '08:00:00', '16:00:00', 'HADIR'),
(1022, 8, '2020-11-14', NULL, NULL, ''),
(1023, 8, '2020-11-15', NULL, NULL, ''),
(1024, 8, '2020-11-16', '08:00:00', '16:00:00', 'HADIR'),
(1025, 8, '2020-11-17', '08:00:00', '16:00:00', 'HADIR'),
(1026, 8, '2020-11-18', '08:35:00', '16:00:00', 'HADIR'),
(1027, 8, '2020-11-19', '08:00:00', '16:00:00', 'HADIR'),
(1028, 8, '2020-11-20', '08:00:00', '16:00:00', 'HADIR'),
(1029, 8, '2020-11-21', NULL, NULL, ''),
(1030, 8, '2020-11-22', NULL, NULL, ''),
(1031, 8, '2020-11-23', '08:00:00', '16:00:00', 'HADIR'),
(1032, 8, '2020-11-24', '08:00:00', '16:00:00', 'HADIR'),
(1033, 8, '2020-11-25', NULL, NULL, 'IZIN'),
(1034, 8, '2020-11-26', '08:00:00', '16:00:00', 'HADIR'),
(1035, 8, '2020-11-27', '08:00:00', '16:00:00', 'HADIR'),
(1036, 8, '2020-11-28', NULL, NULL, ''),
(1037, 8, '2020-11-29', NULL, NULL, ''),
(1038, 8, '2020-11-30', '08:00:00', '16:00:00', 'HADIR'),
(1039, 8, '2020-12-01', '08:00:00', '16:00:00', 'HADIR'),
(1040, 8, '2020-12-02', NULL, NULL, 'CUTI'),
(1041, 8, '2020-12-03', NULL, NULL, 'CUTI'),
(1042, 8, '2020-12-04', '08:00:00', '16:00:00', 'HADIR'),
(1043, 8, '2020-12-05', NULL, NULL, ''),
(1044, 8, '2020-12-06', NULL, NULL, ''),
(1045, 8, '2020-12-07', '08:00:00', '16:00:00', 'HADIR'),
(1046, 8, '2020-12-08', '08:00:00', '16:00:00', 'HADIR'),
(1047, 8, '2020-12-09', NULL, NULL, 'LIBUR NASIONAL'),
(1048, 8, '2020-12-10', '08:00:00', '16:00:00', 'HADIR'),
(1049, 8, '2020-12-11', '08:00:00', '16:00:00', 'HADIR'),
(1050, 8, '2020-12-12', NULL, NULL, ''),
(1051, 8, '2020-12-13', NULL, NULL, ''),
(1052, 8, '2020-12-14', '08:37:00', '16:00:00', 'HADIR'),
(1053, 8, '2020-12-15', '08:00:00', '16:00:00', 'HADIR'),
(1054, 8, '2020-12-16', '08:00:00', '16:00:00', 'HADIR'),
(1055, 8, '2020-12-17', '08:00:00', '16:00:00', 'HADIR'),
(1056, 8, '2020-12-18', '08:00:00', '16:00:00', 'HADIR'),
(1057, 8, '2020-12-19', NULL, NULL, ''),
(1058, 8, '2020-12-20', NULL, NULL, ''),
(1059, 8, '2020-12-21', '08:00:00', '16:00:00', 'HADIR'),
(1060, 8, '2020-12-22', '08:00:00', '16:00:00', 'HADIR'),
(1061, 8, '2020-12-23', '08:00:00', '16:00:00', 'HADIR'),
(1062, 8, '2020-12-24', NULL, NULL, 'LIBUR NASIONAL'),
(1063, 8, '2020-12-25', NULL, NULL, 'LIBUR NASIONAL'),
(1064, 8, '2020-12-26', NULL, NULL, ''),
(1065, 8, '2020-12-27', NULL, NULL, ''),
(1066, 8, '2020-12-28', '08:00:00', '16:00:00', 'HADIR'),
(1067, 8, '2020-12-29', '08:00:00', '16:00:00', 'HADIR'),
(1068, 8, '2020-12-30', '08:35:00', '16:00:00', 'HADIR'),
(1069, 8, '2020-12-31', '08:00:00', '16:00:00', 'HADIR'),
(1070, 8, '2021-01-01', NULL, NULL, 'LIBUR NASIONAL'),
(1071, 8, '2021-01-02', NULL, NULL, ''),
(1072, 8, '2021-01-03', NULL, NULL, ''),
(1073, 8, '2021-01-04', '08:00:00', '16:00:00', 'HADIR'),
(1074, 8, '2021-01-05', '08:00:00', '16:00:00', 'HADIR'),
(1075, 8, '2021-01-06', NULL, NULL, 'IZIN'),
(1076, 8, '2021-01-07', '08:00:00', '16:00:00', 'HADIR'),
(1077, 8, '2021-01-08', '08:00:00', '16:00:00', 'HADIR'),
(1078, 8, '2021-01-09', NULL, NULL, ''),
(1079, 8, '2021-01-10', NULL, NULL, ''),
(1080, 8, '2021-01-11', '08:00:00', '16:00:00', 'HADIR'),
(1081, 8, '2021-01-12', '08:00:00', '16:00:00', 'HADIR'),
(1082, 8, '2021-01-13', '08:00:00', '16:00:00', 'HADIR'),
(1083, 8, '2021-01-14', '08:00:00', '16:00:00', 'HADIR'),
(1084, 8, '2021-01-15', '08:00:00', '16:00:00', 'HADIR'),
(1085, 8, '2021-01-16', NULL, NULL, ''),
(1086, 8, '2021-01-17', NULL, NULL, ''),
(1087, 8, '2021-01-18', '08:00:00', '16:00:00', 'HADIR'),
(1088, 8, '2021-01-19', '08:00:00', '16:00:00', 'HADIR'),
(1089, 8, '2021-01-20', '08:00:00', '16:00:00', 'HADIR'),
(1090, 8, '2021-01-21', '08:00:00', '16:00:00', 'HADIR'),
(1091, 8, '2021-01-22', '08:00:00', '16:00:00', 'HADIR'),
(1092, 8, '2021-01-23', NULL, NULL, ''),
(1093, 8, '2021-01-24', NULL, NULL, ''),
(1094, 8, '2021-01-25', '08:00:00', '16:00:00', 'HADIR'),
(1095, 8, '2021-01-26', NULL, NULL, 'SAKIT'),
(1096, 8, '2021-01-27', NULL, NULL, 'SAKIT'),
(1097, 8, '2021-01-28', '08:00:00', '16:00:00', 'HADIR'),
(1098, 8, '2021-01-29', '08:00:00', '16:00:00', 'HADIR'),
(1099, 8, '2021-01-30', NULL, NULL, ''),
(1100, 8, '2021-01-31', NULL, NULL, ''),
(1101, 3, '2020-11-01', NULL, NULL, ''),
(1102, 3, '2020-11-02', '08:00:00', '16:00:00', 'HADIR'),
(1103, 3, '2020-11-03', '08:00:00', '16:00:00', 'HADIR'),
(1104, 3, '2020-11-04', '08:00:00', '16:00:00', 'HADIR'),
(1105, 3, '2020-11-05', '08:00:00', '16:00:00', 'HADIR'),
(1106, 3, '2020-11-06', '08:00:00', '16:00:00', 'HADIR'),
(1107, 3, '2020-11-07', NULL, NULL, ''),
(1108, 3, '2020-11-08', NULL, NULL, ''),
(1109, 3, '2020-11-09', '08:00:00', '16:00:00', 'HADIR'),
(1110, 3, '2020-11-10', NULL, NULL, 'LIBUR NASIONAL'),
(1111, 3, '2020-11-11', '08:00:00', '16:00:00', 'HADIR'),
(1112, 3, '2020-11-12', '08:00:00', '16:00:00', 'HADIR'),
(1113, 3, '2020-11-13', '08:00:00', '16:00:00', 'HADIR'),
(1114, 3, '2020-11-14', NULL, NULL, ''),
(1115, 3, '2020-11-15', NULL, NULL, ''),
(1116, 3, '2020-11-16', '08:00:00', '16:00:00', 'HADIR'),
(1117, 3, '2020-11-17', '08:00:00', '16:00:00', 'HADIR'),
(1118, 3, '2020-11-18', '08:00:00', '16:00:00', 'HADIR'),
(1119, 3, '2020-11-19', '08:00:00', '16:00:00', 'HADIR'),
(1120, 3, '2020-11-20', '08:00:00', '16:00:00', 'HADIR'),
(1121, 3, '2020-11-21', NULL, NULL, ''),
(1122, 3, '2020-11-22', NULL, NULL, ''),
(1123, 3, '2020-11-23', '08:00:00', '16:00:00', 'HADIR'),
(1124, 3, '2020-11-24', '08:00:00', '16:00:00', 'HADIR'),
(1125, 3, '2020-11-25', '08:00:00', '16:00:00', 'HADIR'),
(1126, 3, '2020-11-26', '08:00:00', '16:00:00', 'HADIR'),
(1127, 3, '2020-11-27', '08:00:00', '16:00:00', 'HADIR'),
(1128, 3, '2020-11-28', NULL, NULL, ''),
(1129, 3, '2020-11-29', NULL, NULL, ''),
(1130, 3, '2020-11-30', '08:00:00', '16:00:00', 'HADIR'),
(1131, 3, '2020-12-01', '08:00:00', '16:00:00', 'HADIR'),
(1132, 3, '2020-12-02', '08:00:00', '16:00:00', 'HADIR'),
(1133, 3, '2020-12-03', '08:00:00', '16:00:00', 'HADIR'),
(1134, 3, '2020-12-04', '08:00:00', '16:00:00', 'HADIR'),
(1135, 3, '2020-12-05', NULL, NULL, ''),
(1136, 3, '2020-12-06', NULL, NULL, ''),
(1137, 3, '2020-12-07', '08:00:00', '16:00:00', 'HADIR'),
(1138, 3, '2020-12-08', '08:00:00', '16:00:00', 'HADIR'),
(1139, 3, '2020-12-09', NULL, NULL, 'LIBUR NASIONAL'),
(1140, 3, '2020-12-10', '08:00:00', '16:00:00', 'HADIR'),
(1141, 3, '2020-12-11', '08:00:00', '16:00:00', 'HADIR'),
(1142, 3, '2020-12-12', NULL, NULL, ''),
(1143, 3, '2020-12-13', NULL, NULL, ''),
(1144, 3, '2020-12-14', '08:00:00', '16:00:00', 'HADIR'),
(1145, 3, '2020-12-15', '08:00:00', '16:00:00', 'HADIR'),
(1146, 3, '2020-12-16', '08:00:00', '16:00:00', 'HADIR'),
(1147, 3, '2020-12-17', '08:00:00', '16:00:00', 'HADIR'),
(1148, 3, '2020-12-18', '08:00:00', '16:00:00', 'HADIR'),
(1149, 3, '2020-12-19', NULL, NULL, ''),
(1150, 3, '2020-12-20', NULL, NULL, ''),
(1151, 3, '2020-12-21', '08:00:00', '16:00:00', 'HADIR'),
(1152, 3, '2020-12-22', '08:00:00', '16:00:00', 'HADIR'),
(1153, 3, '2020-12-23', '08:00:00', '16:00:00', 'HADIR'),
(1154, 3, '2020-12-24', NULL, NULL, 'LIBUR NASIONAL'),
(1155, 3, '2020-12-25', NULL, NULL, 'LIBUR NASIONAL'),
(1156, 3, '2020-12-26', NULL, NULL, ''),
(1157, 3, '2020-12-27', NULL, NULL, ''),
(1158, 3, '2020-12-28', '08:00:00', '16:00:00', 'HADIR'),
(1159, 3, '2020-12-29', '08:00:00', '16:00:00', 'HADIR'),
(1160, 3, '2020-12-30', '08:00:00', '16:00:00', 'HADIR'),
(1161, 3, '2020-12-31', '08:00:00', '16:00:00', 'HADIR'),
(1162, 3, '2021-01-01', NULL, NULL, 'LIBUR NASIONAL'),
(1163, 3, '2021-01-02', NULL, NULL, ''),
(1164, 3, '2021-01-03', NULL, NULL, ''),
(1165, 3, '2021-01-04', '08:00:00', '16:00:00', 'HADIR'),
(1166, 3, '2021-01-05', '08:00:00', '16:00:00', 'HADIR'),
(1167, 3, '2021-01-06', '08:00:00', '16:00:00', 'HADIR'),
(1168, 3, '2021-01-07', '08:00:00', '16:00:00', 'HADIR'),
(1169, 3, '2021-01-08', '08:00:00', '16:00:00', 'HADIR'),
(1170, 3, '2021-01-09', NULL, NULL, ''),
(1171, 3, '2021-01-10', NULL, NULL, ''),
(1172, 3, '2021-01-11', '08:00:00', '16:00:00', 'HADIR'),
(1173, 3, '2021-01-12', '08:00:00', '16:00:00', 'HADIR'),
(1174, 3, '2021-01-13', '08:00:00', '16:00:00', 'HADIR'),
(1175, 3, '2021-01-14', '08:00:00', '16:00:00', 'HADIR'),
(1176, 3, '2021-01-15', '08:00:00', '16:00:00', 'HADIR'),
(1177, 3, '2021-01-16', NULL, NULL, ''),
(1178, 3, '2021-01-17', NULL, NULL, ''),
(1179, 3, '2021-01-18', '08:00:00', '16:00:00', 'HADIR'),
(1180, 3, '2021-01-19', '08:00:00', '16:00:00', 'HADIR'),
(1181, 3, '2021-01-20', '08:00:00', '16:00:00', 'HADIR'),
(1182, 3, '2021-01-21', '08:00:00', '16:00:00', 'HADIR'),
(1183, 3, '2021-01-22', '08:00:00', '16:00:00', 'HADIR'),
(1184, 3, '2021-01-23', NULL, NULL, ''),
(1185, 3, '2021-01-24', NULL, NULL, ''),
(1186, 3, '2021-01-25', '08:00:00', '16:00:00', 'HADIR'),
(1187, 3, '2021-01-26', '08:00:00', '16:00:00', 'HADIR'),
(1188, 3, '2021-01-27', '08:00:00', '16:00:00', 'HADIR'),
(1189, 3, '2021-01-28', '08:00:00', '16:00:00', 'HADIR'),
(1190, 3, '2021-01-29', '08:00:00', '16:00:00', 'HADIR'),
(1191, 3, '2021-01-30', NULL, NULL, ''),
(1192, 3, '2021-01-31', NULL, NULL, ''),
(1193, 4, '2020-11-01', NULL, NULL, ''),
(1194, 4, '2020-11-02', '08:00:00', '16:00:00', 'HADIR'),
(1195, 4, '2020-11-03', '08:35:00', '16:00:00', 'HADIR'),
(1196, 4, '2020-11-04', NULL, NULL, 'SAKIT'),
(1197, 4, '2020-11-05', '08:00:00', '16:00:00', 'HADIR'),
(1198, 4, '2020-11-06', '08:00:00', '16:00:00', 'HADIR'),
(1199, 4, '2020-11-07', NULL, NULL, ''),
(1200, 4, '2020-11-08', NULL, NULL, ''),
(1201, 4, '2020-11-09', '08:00:00', '16:00:00', 'HADIR'),
(1202, 4, '2020-11-10', NULL, NULL, 'LIBUR NASIONAL'),
(1203, 4, '2020-11-11', '08:00:00', '16:00:00', 'HADIR'),
(1204, 4, '2020-11-12', '08:00:00', '16:00:00', 'HADIR'),
(1205, 4, '2020-11-13', '08:00:00', '16:00:00', 'HADIR'),
(1206, 4, '2020-11-14', NULL, NULL, ''),
(1207, 4, '2020-11-15', NULL, NULL, ''),
(1208, 4, '2020-11-16', '08:00:00', '16:00:00', 'HADIR'),
(1209, 4, '2020-11-17', '08:00:00', '16:00:00', 'HADIR'),
(1210, 4, '2020-11-18', '08:45:00', '16:00:00', 'HADIR'),
(1211, 4, '2020-11-19', NULL, NULL, 'IZIN'),
(1212, 4, '2020-11-20', '08:00:00', '16:00:00', 'HADIR'),
(1213, 4, '2020-11-21', NULL, NULL, ''),
(1214, 4, '2020-11-22', NULL, NULL, ''),
(1215, 4, '2020-11-23', '08:00:00', '16:00:00', 'HADIR'),
(1216, 4, '2020-11-24', '08:00:00', '16:00:00', 'HADIR'),
(1217, 4, '2020-11-25', '08:00:00', '16:00:00', 'HADIR'),
(1218, 4, '2020-11-26', '08:00:00', '16:00:00', 'HADIR'),
(1219, 4, '2020-11-27', '08:00:00', '16:00:00', 'HADIR'),
(1220, 4, '2020-11-28', NULL, NULL, ''),
(1221, 4, '2020-11-29', NULL, NULL, ''),
(1222, 4, '2020-11-30', '08:00:00', '16:00:00', 'HADIR'),
(1223, 4, '2020-12-01', '08:00:00', '16:00:00', 'HADIR'),
(1224, 4, '2020-12-02', '08:00:00', '16:00:00', 'HADIR'),
(1225, 4, '2020-12-03', '08:00:00', '16:00:00', 'HADIR'),
(1226, 4, '2020-12-04', '08:00:00', '16:00:00', 'HADIR'),
(1227, 4, '2020-12-05', NULL, NULL, ''),
(1228, 4, '2020-12-06', NULL, NULL, ''),
(1229, 4, '2020-12-07', '08:00:00', '16:00:00', 'HADIR'),
(1230, 4, '2020-12-08', '08:00:00', '16:00:00', 'HADIR'),
(1231, 4, '2020-12-09', NULL, NULL, 'LIBUR NASIONAL'),
(1232, 4, '2020-12-10', '08:00:00', '16:00:00', 'HADIR'),
(1233, 4, '2020-12-11', '08:00:00', '16:00:00', 'HADIR'),
(1234, 4, '2020-12-12', NULL, NULL, ''),
(1235, 4, '2020-12-13', NULL, NULL, ''),
(1236, 4, '2020-12-14', '08:00:00', '16:00:00', 'HADIR'),
(1237, 4, '2020-12-15', '08:00:00', '16:00:00', 'HADIR'),
(1238, 4, '2020-12-16', '08:00:00', '16:00:00', 'HADIR'),
(1239, 4, '2020-12-17', NULL, NULL, 'SAKIT'),
(1240, 4, '2020-12-18', '08:00:00', '16:00:00', 'HADIR'),
(1241, 4, '2020-12-19', NULL, NULL, ''),
(1242, 4, '2020-12-20', NULL, NULL, ''),
(1243, 4, '2020-12-21', '08:00:00', '16:00:00', 'HADIR'),
(1244, 4, '2020-12-22', '08:00:00', '16:00:00', 'HADIR'),
(1245, 4, '2020-12-23', '08:00:00', '16:00:00', 'HADIR'),
(1246, 4, '2020-12-24', NULL, NULL, 'LIBUR NASIONAL'),
(1247, 4, '2020-12-25', NULL, NULL, 'LIBUR NASIONAL'),
(1248, 4, '2020-12-26', NULL, NULL, ''),
(1249, 4, '2020-12-27', NULL, NULL, ''),
(1250, 4, '2020-12-28', '08:00:00', '16:00:00', 'HADIR'),
(1251, 4, '2020-12-29', '08:50:00', '16:00:00', 'HADIR'),
(1252, 4, '2020-12-30', '08:00:00', '16:00:00', 'HADIR'),
(1253, 4, '2020-12-31', '08:00:00', '16:00:00', 'HADIR'),
(1254, 4, '2021-01-01', NULL, NULL, 'LIBUR NASIONAL'),
(1255, 4, '2021-01-02', NULL, NULL, ''),
(1256, 4, '2021-01-03', NULL, NULL, ''),
(1257, 4, '2021-01-04', '08:00:00', '16:00:00', 'HADIR'),
(1258, 4, '2021-01-05', '08:00:00', '16:00:00', 'HADIR'),
(1259, 4, '2021-01-06', '08:00:00', '16:00:00', 'HADIR'),
(1260, 4, '2021-01-07', '08:00:00', '16:00:00', 'HADIR'),
(1261, 4, '2021-01-08', '08:00:00', '16:00:00', 'HADIR'),
(1262, 4, '2021-01-09', NULL, NULL, ''),
(1263, 4, '2021-01-10', NULL, NULL, ''),
(1264, 4, '2021-01-11', '08:00:00', '16:00:00', 'HADIR'),
(1265, 4, '2021-01-12', '08:00:00', '16:00:00', 'HADIR'),
(1266, 4, '2021-01-13', '08:00:00', '16:00:00', 'HADIR'),
(1267, 4, '2021-01-14', '08:00:00', '16:00:00', 'HADIR'),
(1268, 4, '2021-01-15', '08:00:00', '16:00:00', 'HADIR'),
(1269, 4, '2021-01-16', NULL, NULL, ''),
(1270, 4, '2021-01-17', NULL, NULL, ''),
(1271, 4, '2021-01-18', '08:00:00', '16:00:00', 'HADIR'),
(1272, 4, '2021-01-19', '08:00:00', '16:00:00', 'HADIR'),
(1273, 4, '2021-01-20', '08:00:00', '16:00:00', 'HADIR'),
(1274, 4, '2021-01-21', NULL, NULL, 'IZIN'),
(1275, 4, '2021-01-22', '08:00:00', '16:00:00', 'HADIR'),
(1276, 4, '2021-01-23', NULL, NULL, ''),
(1277, 4, '2021-01-24', NULL, NULL, ''),
(1278, 4, '2021-01-25', '08:00:00', '16:00:00', 'HADIR'),
(1279, 4, '2021-01-26', '08:00:00', '16:00:00', 'HADIR'),
(1280, 4, '2021-01-27', '08:40:00', '16:00:00', 'HADIR'),
(1281, 4, '2021-01-28', '08:00:00', '16:00:00', 'HADIR'),
(1282, 4, '2021-01-29', '08:00:00', '16:00:00', 'HADIR'),
(1283, 4, '2021-01-30', NULL, NULL, ''),
(1284, 4, '2021-01-31', NULL, NULL, ''),
(1285, 5, '2020-11-01', NULL, NULL, ''),
(1286, 5, '2020-11-02', '08:00:00', '16:00:00', 'HADIR'),
(1287, 5, '2020-11-03', '08:00:00', '16:00:00', 'HADIR'),
(1288, 5, '2020-11-04', '08:00:00', '16:00:00', 'HADIR'),
(1289, 5, '2020-11-05', '08:00:00', '16:00:00', 'HADIR'),
(1290, 5, '2020-11-06', '08:35:00', '16:00:00', 'HADIR'),
(1291, 5, '2020-11-07', NULL, NULL, ''),
(1292, 5, '2020-11-08', NULL, NULL, ''),
(1293, 5, '2020-11-09', '08:00:00', '16:00:00', 'HADIR'),
(1294, 5, '2020-11-10', NULL, NULL, 'LIBUR NASIONAL'),
(1295, 5, '2020-11-11', '08:00:00', '16:00:00', 'HADIR'),
(1296, 5, '2020-11-12', '08:00:00', '16:00:00', 'HADIR'),
(1297, 5, '2020-11-13', '08:00:00', '16:00:00', 'HADIR'),
(1298, 5, '2020-11-14', NULL, NULL, ''),
(1299, 5, '2020-11-15', NULL, NULL, ''),
(1300, 5, '2020-11-16', '08:00:00', '16:00:00', 'HADIR'),
(1301, 5, '2020-11-17', '08:00:00', '16:00:00', 'HADIR'),
(1302, 5, '2020-11-18', '08:35:00', '16:00:00', 'HADIR'),
(1303, 5, '2020-11-19', '08:00:00', '16:00:00', 'HADIR'),
(1304, 5, '2020-11-20', '08:00:00', '16:00:00', 'HADIR'),
(1305, 5, '2020-11-21', NULL, NULL, ''),
(1306, 5, '2020-11-22', NULL, NULL, ''),
(1307, 5, '2020-11-23', '08:00:00', '16:00:00', 'HADIR'),
(1308, 5, '2020-11-24', '08:00:00', '16:00:00', 'HADIR'),
(1309, 5, '2020-11-25', NULL, NULL, 'SAKIT'),
(1310, 5, '2020-11-26', '08:00:00', '16:00:00', 'HADIR'),
(1311, 5, '2020-11-27', '08:00:00', '16:00:00', 'HADIR'),
(1312, 5, '2020-11-28', NULL, NULL, ''),
(1313, 5, '2020-11-29', NULL, NULL, ''),
(1314, 5, '2020-11-30', '08:00:00', '16:00:00', 'HADIR'),
(1315, 5, '2020-12-01', '08:00:00', '16:00:00', 'HADIR'),
(1316, 5, '2020-12-02', '08:00:00', '16:00:00', 'HADIR'),
(1317, 5, '2020-12-03', '08:00:00', '16:00:00', 'HADIR'),
(1318, 5, '2020-12-04', '08:00:00', '16:00:00', 'HADIR'),
(1319, 5, '2020-12-05', NULL, NULL, ''),
(1320, 5, '2020-12-06', NULL, NULL, ''),
(1321, 5, '2020-12-07', '08:00:00', '16:00:00', 'HADIR'),
(1322, 5, '2020-12-08', '08:00:00', '16:00:00', 'HADIR'),
(1323, 5, '2020-12-09', NULL, NULL, 'LIBUR NASIONAL'),
(1324, 5, '2020-12-10', '08:00:00', '16:00:00', 'HADIR'),
(1325, 5, '2020-12-11', '08:00:00', '16:00:00', 'HADIR'),
(1326, 5, '2020-12-12', NULL, NULL, ''),
(1327, 5, '2020-12-13', NULL, NULL, ''),
(1328, 5, '2020-12-14', '08:00:00', '16:00:00', 'HADIR'),
(1329, 5, '2020-12-15', '08:00:00', '16:00:00', 'HADIR'),
(1330, 5, '2020-12-16', '08:00:00', '16:00:00', 'HADIR'),
(1331, 5, '2020-12-17', '08:00:00', '16:00:00', 'HADIR'),
(1332, 5, '2020-12-18', '08:00:00', '16:00:00', 'HADIR'),
(1333, 5, '2020-12-19', NULL, NULL, ''),
(1334, 5, '2020-12-20', NULL, NULL, ''),
(1335, 5, '2020-12-21', '08:00:00', '16:00:00', 'HADIR'),
(1336, 5, '2020-12-22', '08:00:00', '16:00:00', 'HADIR'),
(1337, 5, '2020-12-23', '08:00:00', '16:00:00', 'HADIR'),
(1338, 5, '2020-12-24', NULL, NULL, 'LIBUR NASIONAL'),
(1339, 5, '2020-12-25', NULL, NULL, 'LIBUR NASIONAL'),
(1340, 5, '2020-12-26', NULL, NULL, ''),
(1341, 5, '2020-12-27', NULL, NULL, ''),
(1342, 5, '2020-12-28', '08:00:00', '16:00:00', 'HADIR'),
(1343, 5, '2020-12-29', '08:00:00', '16:00:00', 'HADIR'),
(1344, 5, '2020-12-30', '08:00:00', '16:00:00', 'HADIR'),
(1345, 5, '2020-12-31', '08:00:00', '16:00:00', 'HADIR'),
(1346, 5, '2021-01-01', NULL, NULL, 'LIBUR NASIONAL'),
(1347, 5, '2021-01-02', NULL, NULL, ''),
(1348, 5, '2021-01-03', NULL, NULL, ''),
(1349, 5, '2021-01-04', '08:00:00', '16:00:00', 'HADIR'),
(1350, 5, '2021-01-05', '08:00:00', '16:00:00', 'HADIR'),
(1351, 5, '2021-01-06', NULL, NULL, 'IZIN'),
(1352, 5, '2021-01-07', '08:00:00', '16:00:00', 'HADIR'),
(1353, 5, '2021-01-08', '08:00:00', '16:00:00', 'HADIR'),
(1354, 5, '2021-01-09', NULL, NULL, ''),
(1355, 5, '2021-01-10', NULL, NULL, ''),
(1356, 5, '2021-01-11', '08:00:00', '16:00:00', 'HADIR'),
(1357, 5, '2021-01-12', '08:00:00', '16:00:00', 'HADIR'),
(1358, 5, '2021-01-13', '08:00:00', '16:00:00', 'HADIR'),
(1359, 5, '2021-01-14', '08:00:00', '16:00:00', 'HADIR'),
(1360, 5, '2021-01-15', '08:00:00', '16:00:00', 'HADIR'),
(1361, 5, '2021-01-16', NULL, NULL, ''),
(1362, 5, '2021-01-17', NULL, NULL, ''),
(1363, 5, '2021-01-18', '08:00:00', '16:00:00', 'HADIR'),
(1364, 5, '2021-01-19', '08:00:00', '16:00:00', 'HADIR'),
(1365, 5, '2021-01-20', '08:00:00', '16:00:00', 'HADIR'),
(1366, 5, '2021-01-21', '08:00:00', '16:00:00', 'HADIR'),
(1367, 5, '2021-01-22', '08:00:00', '16:00:00', 'HADIR'),
(1368, 5, '2021-01-23', NULL, NULL, ''),
(1369, 5, '2021-01-24', NULL, NULL, ''),
(1370, 5, '2021-01-25', '08:00:00', '16:00:00', 'HADIR'),
(1371, 5, '2021-01-26', NULL, NULL, 'SAKIT'),
(1372, 5, '2021-01-27', NULL, NULL, 'SAKIT'),
(1373, 5, '2021-01-28', '08:00:00', '16:00:00', 'HADIR'),
(1374, 5, '2021-01-29', '08:00:00', '16:00:00', 'HADIR'),
(1375, 5, '2021-01-30', NULL, NULL, ''),
(1376, 5, '2021-01-31', NULL, NULL, ''),
(1377, 6, '2020-11-01', NULL, NULL, ''),
(1378, 6, '2020-11-02', '08:00:00', '16:00:00', 'HADIR'),
(1379, 6, '2020-11-03', '08:00:00', '16:00:00', 'HADIR'),
(1380, 6, '2020-11-04', '08:00:00', '16:00:00', 'HADIR'),
(1381, 6, '2020-11-05', '08:00:00', '16:00:00', 'HADIR'),
(1382, 6, '2020-11-06', '08:00:00', '16:00:00', 'HADIR'),
(1383, 6, '2020-11-07', NULL, NULL, ''),
(1384, 6, '2020-11-08', NULL, NULL, ''),
(1385, 6, '2020-11-09', '08:00:00', '16:00:00', 'HADIR'),
(1386, 6, '2020-11-10', NULL, NULL, 'LIBUR NASIONAL'),
(1387, 6, '2020-11-11', '08:00:00', '16:00:00', 'HADIR'),
(1388, 6, '2020-11-12', '08:00:00', '16:00:00', 'HADIR'),
(1389, 6, '2020-11-13', '08:00:00', '16:00:00', 'HADIR'),
(1390, 6, '2020-11-14', NULL, NULL, ''),
(1391, 6, '2020-11-15', NULL, NULL, ''),
(1392, 6, '2020-11-16', '08:00:00', '16:00:00', 'HADIR'),
(1393, 6, '2020-11-17', '08:00:00', '16:00:00', 'HADIR'),
(1394, 6, '2020-11-18', '08:00:00', '16:00:00', 'HADIR'),
(1395, 6, '2020-11-19', '08:00:00', '16:00:00', 'HADIR'),
(1396, 6, '2020-11-20', '08:00:00', '16:00:00', 'HADIR'),
(1397, 6, '2020-11-21', NULL, NULL, ''),
(1398, 6, '2020-11-22', NULL, NULL, ''),
(1399, 6, '2020-11-23', '08:00:00', '16:00:00', 'HADIR'),
(1400, 6, '2020-11-24', '08:00:00', '16:00:00', 'HADIR'),
(1401, 6, '2020-11-25', '08:00:00', '16:00:00', 'HADIR'),
(1402, 6, '2020-11-26', '08:00:00', '16:00:00', 'HADIR'),
(1403, 6, '2020-11-27', '08:00:00', '16:00:00', 'HADIR'),
(1404, 6, '2020-11-28', NULL, NULL, ''),
(1405, 6, '2020-11-29', NULL, NULL, ''),
(1406, 6, '2020-11-30', '08:00:00', '16:00:00', 'HADIR'),
(1407, 6, '2020-12-01', '08:00:00', '16:00:00', 'HADIR'),
(1408, 6, '2020-12-02', '08:00:00', '16:00:00', 'HADIR'),
(1409, 6, '2020-12-03', '08:00:00', '16:00:00', 'HADIR'),
(1410, 6, '2020-12-04', '08:00:00', '16:00:00', 'HADIR'),
(1411, 6, '2020-12-05', NULL, NULL, ''),
(1412, 6, '2020-12-06', NULL, NULL, ''),
(1413, 6, '2020-12-07', '08:00:00', '16:00:00', 'HADIR'),
(1414, 6, '2020-12-08', '08:00:00', '16:00:00', 'HADIR'),
(1415, 6, '2020-12-09', NULL, NULL, 'LIBUR NASIONAL'),
(1416, 6, '2020-12-10', '08:00:00', '16:00:00', 'HADIR'),
(1417, 6, '2020-12-11', '08:00:00', '16:00:00', 'HADIR'),
(1418, 6, '2020-12-12', NULL, NULL, ''),
(1419, 6, '2020-12-13', NULL, NULL, ''),
(1420, 6, '2020-12-15', '08:00:00', '16:00:00', 'HADIR'),
(1421, 6, '2020-12-16', '08:00:00', '16:00:00', 'HADIR'),
(1422, 6, '2020-12-17', '08:00:00', '16:00:00', 'HADIR'),
(1423, 6, '2020-12-18', '08:00:00', '16:00:00', 'HADIR'),
(1424, 6, '2020-12-19', NULL, NULL, ''),
(1425, 6, '2020-12-20', NULL, NULL, ''),
(1426, 6, '2020-12-21', '08:00:00', '16:00:00', 'HADIR'),
(1427, 6, '2020-12-22', '08:00:00', '16:00:00', 'HADIR'),
(1428, 6, '2020-12-23', '08:00:00', '16:00:00', 'HADIR'),
(1429, 6, '2020-12-24', NULL, NULL, 'LIBUR NASIONAL'),
(1430, 6, '2020-12-25', NULL, NULL, 'LIBUR NASIONAL'),
(1431, 6, '2020-12-26', NULL, NULL, ''),
(1432, 6, '2020-12-27', NULL, NULL, ''),
(1433, 6, '2020-12-28', '08:00:00', '16:00:00', 'HADIR'),
(1434, 6, '2020-12-29', '08:00:00', '16:00:00', 'HADIR'),
(1435, 6, '2020-12-30', '08:00:00', '16:00:00', 'HADIR'),
(1436, 6, '2020-12-31', '08:00:00', '16:00:00', 'HADIR'),
(1437, 6, '2021-01-01', NULL, NULL, 'LIBUR NASIONAL'),
(1438, 6, '2021-01-02', NULL, NULL, ''),
(1439, 6, '2021-01-03', NULL, NULL, ''),
(1440, 6, '2021-01-04', '08:00:00', '16:00:00', 'HADIR'),
(1441, 6, '2021-01-05', '08:00:00', '16:00:00', 'HADIR'),
(1442, 6, '2021-01-06', '08:00:00', '16:00:00', 'HADIR'),
(1443, 6, '2021-01-07', '08:00:00', '16:00:00', 'HADIR'),
(1444, 6, '2021-01-08', '08:00:00', '16:00:00', 'HADIR'),
(1445, 6, '2021-01-09', NULL, NULL, ''),
(1446, 6, '2021-01-10', NULL, NULL, ''),
(1447, 6, '2021-01-11', '08:00:00', '16:00:00', 'HADIR'),
(1448, 6, '2021-01-12', '08:00:00', '16:00:00', 'HADIR'),
(1449, 6, '2021-01-13', '08:00:00', '16:00:00', 'HADIR'),
(1450, 6, '2021-01-14', '08:00:00', '16:00:00', 'HADIR'),
(1451, 6, '2021-01-15', '08:00:00', '16:00:00', 'HADIR'),
(1452, 6, '2021-01-16', NULL, NULL, ''),
(1453, 6, '2021-01-17', NULL, NULL, ''),
(1454, 6, '2021-01-18', '08:00:00', '16:00:00', 'HADIR'),
(1455, 6, '2021-01-19', '08:00:00', '16:00:00', 'HADIR'),
(1456, 6, '2021-01-20', '08:00:00', '16:00:00', 'HADIR'),
(1457, 6, '2021-01-21', '08:00:00', '16:00:00', 'HADIR'),
(1458, 6, '2021-01-22', '08:00:00', '16:00:00', 'HADIR'),
(1459, 6, '2021-01-23', NULL, NULL, ''),
(1460, 6, '2021-01-24', NULL, NULL, ''),
(1461, 6, '2021-01-25', '08:00:00', '16:00:00', 'HADIR'),
(1462, 6, '2021-01-26', '08:00:00', '16:00:00', 'HADIR'),
(1463, 6, '2021-01-27', '08:00:00', '16:00:00', 'HADIR'),
(1464, 6, '2021-01-28', '08:00:00', '16:00:00', 'HADIR'),
(1465, 6, '2021-01-29', '08:00:00', '16:00:00', 'HADIR'),
(1466, 6, '2021-01-30', NULL, NULL, ''),
(1467, 6, '2021-01-31', NULL, NULL, ''),
(1468, 7, '2020-11-01', NULL, NULL, ''),
(1469, 7, '2020-11-02', '08:00:00', '16:00:00', 'HADIR'),
(1470, 7, '2020-11-03', '08:35:00', '16:00:00', 'HADIR'),
(1471, 7, '2020-11-04', NULL, NULL, 'SAKIT'),
(1472, 7, '2020-11-05', '08:00:00', '16:00:00', 'HADIR'),
(1473, 7, '2020-11-06', '08:00:00', '16:00:00', 'HADIR'),
(1474, 7, '2020-11-07', NULL, NULL, ''),
(1475, 7, '2020-11-08', NULL, NULL, ''),
(1476, 7, '2020-11-09', '08:00:00', '16:00:00', 'HADIR'),
(1477, 7, '2020-11-10', NULL, NULL, 'LIBUR NASIONAL'),
(1478, 7, '2020-11-11', '08:00:00', '16:00:00', 'HADIR'),
(1479, 7, '2020-11-12', '08:00:00', '16:00:00', 'HADIR'),
(1480, 7, '2020-11-13', '08:00:00', '16:00:00', 'HADIR'),
(1481, 7, '2020-11-14', NULL, NULL, ''),
(1482, 7, '2020-11-15', NULL, NULL, ''),
(1483, 7, '2020-11-16', '08:00:00', '16:00:00', 'HADIR'),
(1484, 7, '2020-11-17', '08:00:00', '16:00:00', 'HADIR'),
(1485, 7, '2020-11-18', '08:45:00', '16:00:00', 'HADIR'),
(1486, 7, '2020-11-19', NULL, NULL, 'IZIN'),
(1487, 7, '2020-11-20', '08:00:00', '16:00:00', 'HADIR'),
(1488, 7, '2020-11-21', NULL, NULL, ''),
(1489, 7, '2020-11-22', NULL, NULL, ''),
(1490, 7, '2020-11-23', '08:00:00', '16:00:00', 'HADIR'),
(1491, 7, '2020-11-24', '08:00:00', '16:00:00', 'HADIR'),
(1492, 7, '2020-11-25', '08:00:00', '16:00:00', 'HADIR'),
(1493, 7, '2020-11-26', '08:00:00', '16:00:00', 'HADIR'),
(1494, 7, '2020-11-27', '08:00:00', '16:00:00', 'HADIR'),
(1495, 7, '2020-11-28', NULL, NULL, ''),
(1496, 7, '2020-11-29', NULL, NULL, ''),
(1497, 7, '2020-11-30', '08:00:00', '16:00:00', 'HADIR'),
(1498, 7, '2020-12-01', '08:00:00', '16:00:00', 'HADIR'),
(1499, 7, '2020-12-02', '08:00:00', '16:00:00', 'HADIR'),
(1500, 7, '2020-12-03', '08:00:00', '16:00:00', 'HADIR'),
(1501, 7, '2020-12-04', '08:00:00', '16:00:00', 'HADIR'),
(1502, 7, '2020-12-05', NULL, NULL, ''),
(1503, 7, '2020-12-06', NULL, NULL, ''),
(1504, 7, '2020-12-07', '08:00:00', '16:00:00', 'HADIR'),
(1505, 7, '2020-12-08', '08:00:00', '16:00:00', 'HADIR'),
(1506, 7, '2020-12-09', NULL, NULL, 'LIBUR NASIONAL'),
(1507, 7, '2020-12-10', '08:00:00', '16:00:00', 'HADIR'),
(1508, 7, '2020-12-11', '08:00:00', '16:00:00', 'HADIR'),
(1509, 7, '2020-12-12', NULL, NULL, ''),
(1510, 7, '2020-12-13', NULL, NULL, ''),
(1511, 7, '2020-12-14', '08:00:00', '16:00:00', 'HADIR'),
(1512, 7, '2020-12-15', '08:00:00', '16:00:00', 'HADIR'),
(1513, 7, '2020-12-16', '08:00:00', '16:00:00', 'HADIR'),
(1514, 7, '2020-12-17', NULL, NULL, 'SAKIT'),
(1515, 7, '2020-12-19', NULL, NULL, ''),
(1516, 7, '2020-12-20', NULL, NULL, ''),
(1517, 7, '2020-12-21', '08:00:00', '16:00:00', 'HADIR'),
(1518, 7, '2020-12-22', '08:00:00', '16:00:00', 'HADIR'),
(1519, 7, '2020-12-23', '08:00:00', '16:00:00', 'HADIR'),
(1520, 7, '2020-12-24', NULL, NULL, 'LIBUR NASIONAL'),
(1521, 7, '2020-12-25', NULL, NULL, 'LIBUR NASIONAL'),
(1522, 7, '2020-12-26', NULL, NULL, ''),
(1523, 7, '2020-12-27', NULL, NULL, ''),
(1524, 7, '2020-12-28', '08:00:00', '16:00:00', 'HADIR'),
(1525, 7, '2020-12-29', '08:50:00', '16:00:00', 'HADIR'),
(1526, 7, '2020-12-30', '08:00:00', '16:00:00', 'HADIR'),
(1527, 7, '2020-12-31', '08:00:00', '16:00:00', 'HADIR'),
(1528, 7, '2021-01-01', NULL, NULL, 'LIBUR NASIONAL'),
(1529, 7, '2021-01-02', NULL, NULL, ''),
(1530, 7, '2021-01-03', NULL, NULL, ''),
(1531, 7, '2021-01-04', '08:55:00', '16:00:00', 'HADIR'),
(1532, 7, '2021-01-05', '08:00:00', '16:00:00', 'HADIR'),
(1533, 7, '2021-01-06', '08:00:00', '16:00:00', 'HADIR'),
(1534, 7, '2021-01-07', '08:00:00', '16:00:00', 'HADIR'),
(1535, 7, '2021-01-08', '08:00:00', '16:00:00', 'HADIR'),
(1536, 7, '2021-01-09', NULL, NULL, ''),
(1537, 7, '2021-01-10', NULL, NULL, ''),
(1538, 7, '2021-01-11', '08:00:00', '16:00:00', 'HADIR'),
(1539, 7, '2021-01-12', '08:00:00', '16:00:00', 'HADIR'),
(1540, 7, '2021-01-13', '08:00:00', '16:00:00', 'HADIR'),
(1541, 7, '2021-01-14', '08:00:00', '16:00:00', 'HADIR'),
(1542, 7, '2021-01-15', '08:00:00', '16:00:00', 'HADIR'),
(1543, 7, '2021-01-16', NULL, NULL, ''),
(1544, 7, '2021-01-17', NULL, NULL, ''),
(1545, 7, '2021-01-18', '08:00:00', '16:00:00', 'HADIR'),
(1546, 7, '2021-01-19', '08:00:00', '16:00:00', 'HADIR'),
(1547, 7, '2021-01-20', '08:00:00', '16:00:00', 'HADIR'),
(1548, 7, '2021-01-21', NULL, NULL, 'IZIN'),
(1549, 7, '2021-01-22', '08:00:00', '16:00:00', 'HADIR'),
(1550, 7, '2021-01-23', NULL, NULL, ''),
(1551, 7, '2021-01-24', NULL, NULL, ''),
(1552, 7, '2021-01-25', '08:00:00', '16:00:00', 'HADIR'),
(1553, 7, '2021-01-26', '08:00:00', '16:00:00', 'HADIR'),
(1554, 7, '2021-01-27', '08:40:00', '16:00:00', 'HADIR'),
(1555, 7, '2021-01-28', '08:00:00', '16:00:00', 'HADIR'),
(1556, 7, '2021-01-29', '08:00:00', '16:00:00', 'HADIR'),
(1557, 7, '2021-01-30', NULL, NULL, ''),
(1558, 7, '2021-01-31', NULL, NULL, ''),
(1559, 8, '2020-11-01', NULL, NULL, ''),
(1560, 8, '2020-11-02', '08:00:00', '16:00:00', 'HADIR'),
(1561, 8, '2020-11-03', '08:00:00', '16:00:00', 'HADIR'),
(1562, 8, '2020-11-04', '08:00:00', '16:00:00', 'HADIR'),
(1563, 8, '2020-11-05', '08:00:00', '16:00:00', 'HADIR'),
(1564, 8, '2020-11-06', '08:35:00', '16:00:00', 'HADIR'),
(1565, 8, '2020-11-07', NULL, NULL, ''),
(1566, 8, '2020-11-08', NULL, NULL, ''),
(1567, 8, '2020-11-09', '08:00:00', '16:00:00', 'HADIR'),
(1568, 8, '2020-11-10', NULL, NULL, 'LIBUR NASIONAL'),
(1569, 8, '2020-11-11', '08:00:00', '16:00:00', 'HADIR'),
(1570, 8, '2020-11-12', '08:00:00', '16:00:00', 'HADIR'),
(1571, 8, '2020-11-13', '08:00:00', '16:00:00', 'HADIR'),
(1572, 8, '2020-11-14', NULL, NULL, ''),
(1573, 8, '2020-11-15', NULL, NULL, ''),
(1574, 8, '2020-11-16', '08:00:00', '16:00:00', 'HADIR'),
(1575, 8, '2020-11-17', '08:00:00', '16:00:00', 'HADIR'),
(1576, 8, '2020-11-18', '08:35:00', '16:00:00', 'HADIR'),
(1577, 8, '2020-11-19', '08:00:00', '16:00:00', 'HADIR'),
(1578, 8, '2020-11-20', '08:00:00', '16:00:00', 'HADIR'),
(1579, 8, '2020-11-21', NULL, NULL, ''),
(1580, 8, '2020-11-22', NULL, NULL, ''),
(1581, 8, '2020-11-23', '08:00:00', '16:00:00', 'HADIR'),
(1582, 8, '2020-11-24', '08:00:00', '16:00:00', 'HADIR'),
(1583, 8, '2020-11-25', NULL, NULL, 'IZIN'),
(1584, 8, '2020-11-26', '08:00:00', '16:00:00', 'HADIR'),
(1585, 8, '2020-11-27', '08:00:00', '16:00:00', 'HADIR'),
(1586, 8, '2020-11-28', NULL, NULL, ''),
(1587, 8, '2020-11-29', NULL, NULL, ''),
(1588, 8, '2020-11-30', '08:00:00', '16:00:00', 'HADIR'),
(1589, 8, '2020-12-01', '08:00:00', '16:00:00', 'HADIR'),
(1590, 8, '2020-12-02', NULL, NULL, 'CUTI'),
(1591, 8, '2020-12-03', NULL, NULL, 'CUTI'),
(1592, 8, '2020-12-04', '08:00:00', '16:00:00', 'HADIR'),
(1593, 8, '2020-12-05', NULL, NULL, ''),
(1594, 8, '2020-12-06', NULL, NULL, ''),
(1595, 8, '2020-12-07', '08:00:00', '16:00:00', 'HADIR'),
(1596, 8, '2020-12-08', '08:00:00', '16:00:00', 'HADIR'),
(1597, 8, '2020-12-09', NULL, NULL, 'LIBUR NASIONAL'),
(1598, 8, '2020-12-10', '08:00:00', '16:00:00', 'HADIR'),
(1599, 8, '2020-12-11', '08:00:00', '16:00:00', 'HADIR'),
(1600, 8, '2020-12-12', NULL, NULL, ''),
(1601, 8, '2020-12-13', NULL, NULL, ''),
(1602, 8, '2020-12-14', '08:37:00', '16:00:00', 'HADIR'),
(1603, 8, '2020-12-15', '08:00:00', '16:00:00', 'HADIR'),
(1604, 8, '2020-12-16', '08:00:00', '16:00:00', 'HADIR'),
(1605, 8, '2020-12-17', '08:00:00', '16:00:00', 'HADIR'),
(1606, 8, '2020-12-18', '08:00:00', '16:00:00', 'HADIR'),
(1607, 8, '2020-12-19', NULL, NULL, ''),
(1608, 8, '2020-12-20', NULL, NULL, ''),
(1609, 8, '2020-12-21', '08:00:00', '16:00:00', 'HADIR'),
(1610, 8, '2020-12-22', '08:00:00', '16:00:00', 'HADIR'),
(1611, 8, '2020-12-23', '08:00:00', '16:00:00', 'HADIR'),
(1612, 8, '2020-12-24', NULL, NULL, 'LIBUR NASIONAL'),
(1613, 8, '2020-12-25', NULL, NULL, 'LIBUR NASIONAL'),
(1614, 8, '2020-12-26', NULL, NULL, ''),
(1615, 8, '2020-12-27', NULL, NULL, ''),
(1616, 8, '2020-12-28', '08:00:00', '16:00:00', 'HADIR'),
(1617, 8, '2020-12-29', '08:00:00', '16:00:00', 'HADIR'),
(1618, 8, '2020-12-30', '08:35:00', '16:00:00', 'HADIR'),
(1619, 8, '2020-12-31', '08:00:00', '16:00:00', 'HADIR'),
(1620, 8, '2021-01-01', NULL, NULL, 'LIBUR NASIONAL'),
(1621, 8, '2021-01-02', NULL, NULL, ''),
(1622, 8, '2021-01-03', NULL, NULL, ''),
(1623, 8, '2021-01-04', '08:00:00', '16:00:00', 'HADIR'),
(1624, 8, '2021-01-05', '08:00:00', '16:00:00', 'HADIR'),
(1625, 8, '2021-01-06', NULL, NULL, 'IZIN'),
(1626, 8, '2021-01-07', '08:00:00', '16:00:00', 'HADIR'),
(1627, 8, '2021-01-08', '08:00:00', '16:00:00', 'HADIR'),
(1628, 8, '2021-01-09', NULL, NULL, ''),
(1629, 8, '2021-01-10', NULL, NULL, ''),
(1630, 8, '2021-01-11', '08:00:00', '16:00:00', 'HADIR'),
(1631, 8, '2021-01-12', '08:00:00', '16:00:00', 'HADIR'),
(1632, 8, '2021-01-13', '08:00:00', '16:00:00', 'HADIR'),
(1633, 8, '2021-01-14', '08:00:00', '16:00:00', 'HADIR'),
(1634, 8, '2021-01-15', '08:00:00', '16:00:00', 'HADIR'),
(1635, 8, '2021-01-16', NULL, NULL, ''),
(1636, 8, '2021-01-17', NULL, NULL, ''),
(1637, 8, '2021-01-18', '08:00:00', '16:00:00', 'HADIR'),
(1638, 8, '2021-01-19', '08:00:00', '16:00:00', 'HADIR'),
(1639, 8, '2021-01-20', '08:00:00', '16:00:00', 'HADIR'),
(1640, 8, '2021-01-21', '08:00:00', '16:00:00', 'HADIR'),
(1641, 8, '2021-01-22', '08:00:00', '16:00:00', 'HADIR'),
(1642, 8, '2021-01-23', NULL, NULL, ''),
(1643, 8, '2021-01-24', NULL, NULL, ''),
(1644, 8, '2021-01-25', '08:00:00', '16:00:00', 'HADIR'),
(1645, 8, '2021-01-26', NULL, NULL, 'SAKIT'),
(1646, 8, '2021-01-27', NULL, NULL, 'SAKIT'),
(1647, 8, '2021-01-28', '08:00:00', '16:00:00', 'HADIR'),
(1648, 8, '2021-01-29', '08:00:00', '16:00:00', 'HADIR'),
(1649, 8, '2021-01-30', NULL, NULL, ''),
(1650, 8, '2021-01-31', NULL, NULL, ''),
(1651, 3, '2020-11-01', NULL, NULL, ''),
(1652, 3, '2020-11-02', '08:00:00', '16:00:00', 'HADIR'),
(1653, 3, '2020-11-03', '08:00:00', '16:00:00', 'HADIR'),
(1654, 3, '2020-11-04', '08:00:00', '16:00:00', 'HADIR'),
(1655, 3, '2020-11-05', '08:00:00', '16:00:00', 'HADIR'),
(1656, 3, '2020-11-06', '08:00:00', '16:00:00', 'HADIR'),
(1657, 3, '2020-11-07', NULL, NULL, ''),
(1658, 3, '2020-11-08', NULL, NULL, ''),
(1659, 3, '2020-11-09', '08:00:00', '16:00:00', 'HADIR'),
(1660, 3, '2020-11-10', NULL, NULL, 'LIBUR NASIONAL'),
(1661, 3, '2020-11-11', '08:00:00', '16:00:00', 'HADIR'),
(1662, 3, '2020-11-12', '08:00:00', '16:00:00', 'HADIR'),
(1663, 3, '2020-11-13', '08:00:00', '16:00:00', 'HADIR'),
(1664, 3, '2020-11-14', NULL, NULL, ''),
(1665, 3, '2020-11-15', NULL, NULL, ''),
(1666, 3, '2020-11-16', '08:00:00', '16:00:00', 'HADIR'),
(1667, 3, '2020-11-17', '08:00:00', '16:00:00', 'HADIR'),
(1668, 3, '2020-11-18', '08:00:00', '16:00:00', 'HADIR'),
(1669, 3, '2020-11-19', '08:00:00', '16:00:00', 'HADIR'),
(1670, 3, '2020-11-20', '08:00:00', '16:00:00', 'HADIR'),
(1671, 3, '2020-11-21', NULL, NULL, ''),
(1672, 3, '2020-11-22', NULL, NULL, ''),
(1673, 3, '2020-11-23', '08:00:00', '16:00:00', 'HADIR'),
(1674, 3, '2020-11-24', '08:00:00', '16:00:00', 'HADIR'),
(1675, 3, '2020-11-25', '08:00:00', '16:00:00', 'HADIR'),
(1676, 3, '2020-11-26', '08:00:00', '16:00:00', 'HADIR'),
(1677, 3, '2020-11-27', '08:00:00', '16:00:00', 'HADIR'),
(1678, 3, '2020-11-28', NULL, NULL, ''),
(1679, 3, '2020-11-29', NULL, NULL, ''),
(1680, 3, '2020-11-30', '08:00:00', '16:00:00', 'HADIR'),
(1681, 3, '2020-12-01', '08:00:00', '16:00:00', 'HADIR'),
(1682, 3, '2020-12-02', '08:00:00', '16:00:00', 'HADIR'),
(1683, 3, '2020-12-03', '08:00:00', '16:00:00', 'HADIR'),
(1684, 3, '2020-12-04', '08:00:00', '16:00:00', 'HADIR'),
(1685, 3, '2020-12-05', NULL, NULL, ''),
(1686, 3, '2020-12-06', NULL, NULL, ''),
(1687, 3, '2020-12-07', '08:00:00', '16:00:00', 'HADIR'),
(1688, 3, '2020-12-08', '08:00:00', '16:00:00', 'HADIR'),
(1689, 3, '2020-12-09', NULL, NULL, 'LIBUR NASIONAL'),
(1690, 3, '2020-12-10', '08:00:00', '16:00:00', 'HADIR'),
(1691, 3, '2020-12-11', '08:00:00', '16:00:00', 'HADIR'),
(1692, 3, '2020-12-12', NULL, NULL, ''),
(1693, 3, '2020-12-13', NULL, NULL, ''),
(1694, 3, '2020-12-14', '08:00:00', '16:00:00', 'HADIR'),
(1695, 3, '2020-12-15', '08:00:00', '16:00:00', 'HADIR'),
(1696, 3, '2020-12-16', '08:00:00', '16:00:00', 'HADIR'),
(1697, 3, '2020-12-17', '08:00:00', '16:00:00', 'HADIR'),
(1698, 3, '2020-12-18', '08:00:00', '16:00:00', 'HADIR'),
(1699, 3, '2020-12-19', NULL, NULL, ''),
(1700, 3, '2020-12-20', NULL, NULL, ''),
(1701, 3, '2020-12-21', '08:00:00', '16:00:00', 'HADIR'),
(1702, 3, '2020-12-22', '08:00:00', '16:00:00', 'HADIR'),
(1703, 3, '2020-12-23', '08:00:00', '16:00:00', 'HADIR'),
(1704, 3, '2020-12-24', NULL, NULL, 'LIBUR NASIONAL'),
(1705, 3, '2020-12-25', NULL, NULL, 'LIBUR NASIONAL'),
(1706, 3, '2020-12-26', NULL, NULL, ''),
(1707, 3, '2020-12-27', NULL, NULL, ''),
(1708, 3, '2020-12-28', '08:00:00', '16:00:00', 'HADIR'),
(1709, 3, '2020-12-29', '08:00:00', '16:00:00', 'HADIR'),
(1710, 3, '2020-12-30', '08:00:00', '16:00:00', 'HADIR'),
(1711, 3, '2020-12-31', '08:00:00', '16:00:00', 'HADIR'),
(1712, 3, '2021-01-01', NULL, NULL, 'LIBUR NASIONAL'),
(1713, 3, '2021-01-02', NULL, NULL, ''),
(1714, 3, '2021-01-03', NULL, NULL, ''),
(1715, 3, '2021-01-04', '08:00:00', '16:00:00', 'HADIR'),
(1716, 3, '2021-01-05', '08:00:00', '16:00:00', 'HADIR'),
(1717, 3, '2021-01-06', '08:00:00', '16:00:00', 'HADIR'),
(1718, 3, '2021-01-07', '08:00:00', '16:00:00', 'HADIR'),
(1719, 3, '2021-01-08', '08:00:00', '16:00:00', 'HADIR'),
(1720, 3, '2021-01-09', NULL, NULL, ''),
(1721, 3, '2021-01-10', NULL, NULL, ''),
(1722, 3, '2021-01-11', '08:00:00', '16:00:00', 'HADIR'),
(1723, 3, '2021-01-12', '08:00:00', '16:00:00', 'HADIR'),
(1724, 3, '2021-01-13', '08:00:00', '16:00:00', 'HADIR'),
(1725, 3, '2021-01-14', '08:00:00', '16:00:00', 'HADIR'),
(1726, 3, '2021-01-15', '08:00:00', '16:00:00', 'HADIR'),
(1727, 3, '2021-01-16', NULL, NULL, ''),
(1728, 3, '2021-01-17', NULL, NULL, ''),
(1729, 3, '2021-01-18', '08:00:00', '16:00:00', 'HADIR'),
(1730, 3, '2021-01-19', '08:00:00', '16:00:00', 'HADIR'),
(1731, 3, '2021-01-20', '08:00:00', '16:00:00', 'HADIR'),
(1732, 3, '2021-01-21', '08:00:00', '16:00:00', 'HADIR'),
(1733, 3, '2021-01-22', '08:00:00', '16:00:00', 'HADIR'),
(1734, 3, '2021-01-23', NULL, NULL, ''),
(1735, 3, '2021-01-24', NULL, NULL, ''),
(1736, 3, '2021-01-25', '08:00:00', '16:00:00', 'HADIR'),
(1737, 3, '2021-01-26', '08:00:00', '16:00:00', 'HADIR'),
(1738, 3, '2021-01-27', '08:00:00', '16:00:00', 'HADIR'),
(1739, 3, '2021-01-28', '08:00:00', '16:00:00', 'HADIR'),
(1740, 3, '2021-01-29', '08:00:00', '16:00:00', 'HADIR'),
(1741, 3, '2021-01-30', NULL, NULL, ''),
(1742, 3, '2021-01-31', NULL, NULL, ''),
(1743, 4, '2020-11-01', NULL, NULL, ''),
(1744, 4, '2020-11-02', '08:00:00', '16:00:00', 'HADIR'),
(1745, 4, '2020-11-03', '08:35:00', '16:00:00', 'HADIR'),
(1746, 4, '2020-11-04', NULL, NULL, 'SAKIT'),
(1747, 4, '2020-11-05', '08:00:00', '16:00:00', 'HADIR'),
(1748, 4, '2020-11-06', '08:00:00', '16:00:00', 'HADIR'),
(1749, 4, '2020-11-07', NULL, NULL, ''),
(1750, 4, '2020-11-08', NULL, NULL, ''),
(1751, 4, '2020-11-09', '08:00:00', '16:00:00', 'HADIR'),
(1752, 4, '2020-11-10', NULL, NULL, 'LIBUR NASIONAL'),
(1753, 4, '2020-11-11', '08:00:00', '16:00:00', 'HADIR'),
(1754, 4, '2020-11-12', '08:00:00', '16:00:00', 'HADIR'),
(1755, 4, '2020-11-13', '08:00:00', '16:00:00', 'HADIR'),
(1756, 4, '2020-11-14', NULL, NULL, ''),
(1757, 4, '2020-11-15', NULL, NULL, ''),
(1758, 4, '2020-11-16', '08:00:00', '16:00:00', 'HADIR'),
(1759, 4, '2020-11-17', '08:00:00', '16:00:00', 'HADIR'),
(1760, 4, '2020-11-18', '08:45:00', '16:00:00', 'HADIR'),
(1761, 4, '2020-11-19', NULL, NULL, 'IZIN'),
(1762, 4, '2020-11-20', '08:00:00', '16:00:00', 'HADIR'),
(1763, 4, '2020-11-21', NULL, NULL, ''),
(1764, 4, '2020-11-22', NULL, NULL, ''),
(1765, 4, '2020-11-23', '08:00:00', '16:00:00', 'HADIR'),
(1766, 4, '2020-11-24', '08:00:00', '16:00:00', 'HADIR'),
(1767, 4, '2020-11-25', '08:00:00', '16:00:00', 'HADIR'),
(1768, 4, '2020-11-26', '08:00:00', '16:00:00', 'HADIR'),
(1769, 4, '2020-11-27', '08:00:00', '16:00:00', 'HADIR'),
(1770, 4, '2020-11-28', NULL, NULL, ''),
(1771, 4, '2020-11-29', NULL, NULL, ''),
(1772, 4, '2020-11-30', '08:00:00', '16:00:00', 'HADIR'),
(1773, 4, '2020-12-01', '08:00:00', '16:00:00', 'HADIR'),
(1774, 4, '2020-12-02', '08:00:00', '16:00:00', 'HADIR'),
(1775, 4, '2020-12-03', '08:00:00', '16:00:00', 'HADIR'),
(1776, 4, '2020-12-04', '08:00:00', '16:00:00', 'HADIR'),
(1777, 4, '2020-12-05', NULL, NULL, ''),
(1778, 4, '2020-12-06', NULL, NULL, ''),
(1779, 4, '2020-12-07', '08:00:00', '16:00:00', 'HADIR'),
(1780, 4, '2020-12-08', '08:00:00', '16:00:00', 'HADIR'),
(1781, 4, '2020-12-09', NULL, NULL, 'LIBUR NASIONAL'),
(1782, 4, '2020-12-10', '08:00:00', '16:00:00', 'HADIR'),
(1783, 4, '2020-12-11', '08:00:00', '16:00:00', 'HADIR'),
(1784, 4, '2020-12-12', NULL, NULL, ''),
(1785, 4, '2020-12-13', NULL, NULL, ''),
(1786, 4, '2020-12-14', '08:00:00', '16:00:00', 'HADIR'),
(1787, 4, '2020-12-15', '08:00:00', '16:00:00', 'HADIR'),
(1788, 4, '2020-12-16', '08:00:00', '16:00:00', 'HADIR'),
(1789, 4, '2020-12-17', NULL, NULL, 'SAKIT'),
(1790, 4, '2020-12-18', '08:00:00', '16:00:00', 'HADIR'),
(1791, 4, '2020-12-19', NULL, NULL, ''),
(1792, 4, '2020-12-20', NULL, NULL, ''),
(1793, 4, '2020-12-21', '08:00:00', '16:00:00', 'HADIR'),
(1794, 4, '2020-12-22', '08:00:00', '16:00:00', 'HADIR'),
(1795, 4, '2020-12-23', '08:00:00', '16:00:00', 'HADIR'),
(1796, 4, '2020-12-24', NULL, NULL, 'LIBUR NASIONAL'),
(1797, 4, '2020-12-25', NULL, NULL, 'LIBUR NASIONAL'),
(1798, 4, '2020-12-26', NULL, NULL, ''),
(1799, 4, '2020-12-27', NULL, NULL, ''),
(1800, 4, '2020-12-28', '08:00:00', '16:00:00', 'HADIR'),
(1801, 4, '2020-12-29', '08:50:00', '16:00:00', 'HADIR'),
(1802, 4, '2020-12-30', '08:00:00', '16:00:00', 'HADIR'),
(1803, 4, '2020-12-31', '08:00:00', '16:00:00', 'HADIR'),
(1804, 4, '2021-01-01', NULL, NULL, 'LIBUR NASIONAL'),
(1805, 4, '2021-01-02', NULL, NULL, ''),
(1806, 4, '2021-01-03', NULL, NULL, ''),
(1807, 4, '2021-01-04', '08:00:00', '16:00:00', 'HADIR'),
(1808, 4, '2021-01-05', '08:00:00', '16:00:00', 'HADIR'),
(1809, 4, '2021-01-06', '08:00:00', '16:00:00', 'HADIR'),
(1810, 4, '2021-01-07', '08:00:00', '16:00:00', 'HADIR'),
(1811, 4, '2021-01-08', '08:00:00', '16:00:00', 'HADIR'),
(1812, 4, '2021-01-09', NULL, NULL, ''),
(1813, 4, '2021-01-10', NULL, NULL, ''),
(1814, 4, '2021-01-11', '08:00:00', '16:00:00', 'HADIR'),
(1815, 4, '2021-01-12', '08:00:00', '16:00:00', 'HADIR'),
(1816, 4, '2021-01-13', '08:00:00', '16:00:00', 'HADIR'),
(1817, 4, '2021-01-14', '08:00:00', '16:00:00', 'HADIR'),
(1818, 4, '2021-01-15', '08:00:00', '16:00:00', 'HADIR'),
(1819, 4, '2021-01-16', NULL, NULL, ''),
(1820, 4, '2021-01-17', NULL, NULL, ''),
(1821, 4, '2021-01-18', '08:00:00', '16:00:00', 'HADIR'),
(1822, 4, '2021-01-19', '08:00:00', '16:00:00', 'HADIR'),
(1823, 4, '2021-01-20', '08:00:00', '16:00:00', 'HADIR'),
(1824, 4, '2021-01-21', NULL, NULL, 'IZIN'),
(1825, 4, '2021-01-22', '08:00:00', '16:00:00', 'HADIR'),
(1826, 4, '2021-01-23', NULL, NULL, ''),
(1827, 4, '2021-01-24', NULL, NULL, ''),
(1828, 4, '2021-01-25', '08:00:00', '16:00:00', 'HADIR'),
(1829, 4, '2021-01-26', '08:00:00', '16:00:00', 'HADIR'),
(1830, 4, '2021-01-27', '08:40:00', '16:00:00', 'HADIR'),
(1831, 4, '2021-01-28', '08:00:00', '16:00:00', 'HADIR'),
(1832, 4, '2021-01-29', '08:00:00', '16:00:00', 'HADIR'),
(1833, 4, '2021-01-30', NULL, NULL, ''),
(1834, 4, '2021-01-31', NULL, NULL, ''),
(1835, 5, '2020-11-01', NULL, NULL, ''),
(1836, 5, '2020-11-02', '08:00:00', '16:00:00', 'HADIR'),
(1837, 5, '2020-11-03', '08:00:00', '16:00:00', 'HADIR'),
(1838, 5, '2020-11-04', '08:00:00', '16:00:00', 'HADIR'),
(1839, 5, '2020-11-05', '08:00:00', '16:00:00', 'HADIR'),
(1840, 5, '2020-11-06', '08:35:00', '16:00:00', 'HADIR'),
(1841, 5, '2020-11-07', NULL, NULL, ''),
(1842, 5, '2020-11-08', NULL, NULL, ''),
(1843, 5, '2020-11-09', '08:00:00', '16:00:00', 'HADIR'),
(1844, 5, '2020-11-10', NULL, NULL, 'LIBUR NASIONAL'),
(1845, 5, '2020-11-11', '08:00:00', '16:00:00', 'HADIR'),
(1846, 5, '2020-11-12', '08:00:00', '16:00:00', 'HADIR'),
(1847, 5, '2020-11-13', '08:00:00', '16:00:00', 'HADIR'),
(1848, 5, '2020-11-14', NULL, NULL, ''),
(1849, 5, '2020-11-15', NULL, NULL, ''),
(1850, 5, '2020-11-16', '08:00:00', '16:00:00', 'HADIR'),
(1851, 5, '2020-11-17', '08:00:00', '16:00:00', 'HADIR'),
(1852, 5, '2020-11-18', '08:35:00', '16:00:00', 'HADIR'),
(1853, 5, '2020-11-19', '08:00:00', '16:00:00', 'HADIR'),
(1854, 5, '2020-11-20', '08:00:00', '16:00:00', 'HADIR'),
(1855, 5, '2020-11-21', NULL, NULL, ''),
(1856, 5, '2020-11-22', NULL, NULL, ''),
(1857, 5, '2020-11-23', '08:00:00', '16:00:00', 'HADIR'),
(1858, 5, '2020-11-24', '08:00:00', '16:00:00', 'HADIR'),
(1859, 5, '2020-11-25', NULL, NULL, 'SAKIT'),
(1860, 5, '2020-11-26', '08:00:00', '16:00:00', 'HADIR'),
(1861, 5, '2020-11-27', '08:00:00', '16:00:00', 'HADIR'),
(1862, 5, '2020-11-28', NULL, NULL, ''),
(1863, 5, '2020-11-29', NULL, NULL, ''),
(1864, 5, '2020-11-30', '08:00:00', '16:00:00', 'HADIR'),
(1865, 5, '2020-12-01', '08:00:00', '16:00:00', 'HADIR'),
(1866, 5, '2020-12-02', '08:00:00', '16:00:00', 'HADIR'),
(1867, 5, '2020-12-03', '08:00:00', '16:00:00', 'HADIR'),
(1868, 5, '2020-12-04', '08:00:00', '16:00:00', 'HADIR'),
(1869, 5, '2020-12-05', NULL, NULL, ''),
(1870, 5, '2020-12-06', NULL, NULL, ''),
(1871, 5, '2020-12-07', '08:00:00', '16:00:00', 'HADIR'),
(1872, 5, '2020-12-08', '08:00:00', '16:00:00', 'HADIR'),
(1873, 5, '2020-12-09', NULL, NULL, 'LIBUR NASIONAL'),
(1874, 5, '2020-12-10', '08:00:00', '16:00:00', 'HADIR'),
(1875, 5, '2020-12-11', '08:00:00', '16:00:00', 'HADIR'),
(1876, 5, '2020-12-12', NULL, NULL, ''),
(1877, 5, '2020-12-13', NULL, NULL, ''),
(1878, 5, '2020-12-14', '08:00:00', '16:00:00', 'HADIR'),
(1879, 5, '2020-12-15', '08:00:00', '16:00:00', 'HADIR'),
(1880, 5, '2020-12-16', '08:00:00', '16:00:00', 'HADIR'),
(1881, 5, '2020-12-17', '08:00:00', '16:00:00', 'HADIR'),
(1882, 5, '2020-12-18', '08:00:00', '16:00:00', 'HADIR'),
(1883, 5, '2020-12-19', NULL, NULL, ''),
(1884, 5, '2020-12-20', NULL, NULL, ''),
(1885, 5, '2020-12-21', '08:00:00', '16:00:00', 'HADIR'),
(1886, 5, '2020-12-22', '08:00:00', '16:00:00', 'HADIR'),
(1887, 5, '2020-12-23', '08:00:00', '16:00:00', 'HADIR'),
(1888, 5, '2020-12-24', NULL, NULL, 'LIBUR NASIONAL'),
(1889, 5, '2020-12-25', NULL, NULL, 'LIBUR NASIONAL'),
(1890, 5, '2020-12-26', NULL, NULL, ''),
(1891, 5, '2020-12-27', NULL, NULL, ''),
(1892, 5, '2020-12-28', '08:00:00', '16:00:00', 'HADIR'),
(1893, 5, '2020-12-29', '08:00:00', '16:00:00', 'HADIR'),
(1894, 5, '2020-12-30', '08:00:00', '16:00:00', 'HADIR'),
(1895, 5, '2020-12-31', '08:00:00', '16:00:00', 'HADIR'),
(1896, 5, '2021-01-01', NULL, NULL, 'LIBUR NASIONAL'),
(1897, 5, '2021-01-02', NULL, NULL, ''),
(1898, 5, '2021-01-03', NULL, NULL, ''),
(1899, 5, '2021-01-04', '08:00:00', '16:00:00', 'HADIR'),
(1900, 5, '2021-01-05', '08:00:00', '16:00:00', 'HADIR'),
(1901, 5, '2021-01-06', NULL, NULL, 'IZIN'),
(1902, 5, '2021-01-07', '08:00:00', '16:00:00', 'HADIR'),
(1903, 5, '2021-01-08', '08:00:00', '16:00:00', 'HADIR'),
(1904, 5, '2021-01-09', NULL, NULL, ''),
(1905, 5, '2021-01-10', NULL, NULL, ''),
(1906, 5, '2021-01-11', '08:00:00', '16:00:00', 'HADIR'),
(1907, 5, '2021-01-12', '08:00:00', '16:00:00', 'HADIR'),
(1908, 5, '2021-01-13', '08:00:00', '16:00:00', 'HADIR'),
(1909, 5, '2021-01-14', '08:00:00', '16:00:00', 'HADIR'),
(1910, 5, '2021-01-15', '08:00:00', '16:00:00', 'HADIR'),
(1911, 5, '2021-01-16', NULL, NULL, ''),
(1912, 5, '2021-01-17', NULL, NULL, ''),
(1913, 5, '2021-01-18', '08:00:00', '16:00:00', 'HADIR'),
(1914, 5, '2021-01-19', '08:00:00', '16:00:00', 'HADIR'),
(1915, 5, '2021-01-20', '08:00:00', '16:00:00', 'HADIR'),
(1916, 5, '2021-01-21', '08:00:00', '16:00:00', 'HADIR'),
(1917, 5, '2021-01-22', '08:00:00', '16:00:00', 'HADIR'),
(1918, 5, '2021-01-23', NULL, NULL, ''),
(1919, 5, '2021-01-24', NULL, NULL, ''),
(1920, 5, '2021-01-25', '08:00:00', '16:00:00', 'HADIR'),
(1921, 5, '2021-01-26', NULL, NULL, 'SAKIT'),
(1922, 5, '2021-01-27', NULL, NULL, 'SAKIT'),
(1923, 5, '2021-01-28', '08:00:00', '16:00:00', 'HADIR'),
(1924, 5, '2021-01-29', '08:00:00', '16:00:00', 'HADIR'),
(1925, 5, '2021-01-30', NULL, NULL, ''),
(1926, 5, '2021-01-31', NULL, NULL, ''),
(1927, 6, '2020-11-01', NULL, NULL, ''),
(1928, 6, '2020-11-02', '08:00:00', '16:00:00', 'HADIR'),
(1929, 6, '2020-11-03', '08:00:00', '16:00:00', 'HADIR'),
(1930, 6, '2020-11-04', '08:00:00', '16:00:00', 'HADIR'),
(1931, 6, '2020-11-05', '08:00:00', '16:00:00', 'HADIR'),
(1932, 6, '2020-11-06', '08:00:00', '16:00:00', 'HADIR'),
(1933, 6, '2020-11-07', NULL, NULL, ''),
(1934, 6, '2020-11-08', NULL, NULL, ''),
(1935, 6, '2020-11-09', '08:00:00', '16:00:00', 'HADIR'),
(1936, 6, '2020-11-10', NULL, NULL, 'LIBUR NASIONAL'),
(1937, 6, '2020-11-11', '08:00:00', '16:00:00', 'HADIR'),
(1938, 6, '2020-11-12', '08:00:00', '16:00:00', 'HADIR'),
(1939, 6, '2020-11-13', '08:00:00', '16:00:00', 'HADIR'),
(1940, 6, '2020-11-14', NULL, NULL, ''),
(1941, 6, '2020-11-15', NULL, NULL, ''),
(1942, 6, '2020-11-16', '08:00:00', '16:00:00', 'HADIR'),
(1943, 6, '2020-11-17', '08:00:00', '16:00:00', 'HADIR'),
(1944, 6, '2020-11-18', '08:00:00', '16:00:00', 'HADIR'),
(1945, 6, '2020-11-19', '08:00:00', '16:00:00', 'HADIR'),
(1946, 6, '2020-11-20', '08:00:00', '16:00:00', 'HADIR'),
(1947, 6, '2020-11-21', NULL, NULL, ''),
(1948, 6, '2020-11-22', NULL, NULL, ''),
(1949, 6, '2020-11-23', '08:00:00', '16:00:00', 'HADIR'),
(1950, 6, '2020-11-24', '08:00:00', '16:00:00', 'HADIR'),
(1951, 6, '2020-11-25', '08:00:00', '16:00:00', 'HADIR'),
(1952, 6, '2020-11-26', '08:00:00', '16:00:00', 'HADIR'),
(1953, 6, '2020-11-27', '08:00:00', '16:00:00', 'HADIR'),
(1954, 6, '2020-11-28', NULL, NULL, ''),
(1955, 6, '2020-11-29', NULL, NULL, ''),
(1956, 6, '2020-11-30', '08:00:00', '16:00:00', 'HADIR'),
(1957, 6, '2020-12-01', '08:00:00', '16:00:00', 'HADIR'),
(1958, 6, '2020-12-02', '08:00:00', '16:00:00', 'HADIR'),
(1959, 6, '2020-12-03', '08:00:00', '16:00:00', 'HADIR'),
(1960, 6, '2020-12-04', '08:00:00', '16:00:00', 'HADIR'),
(1961, 6, '2020-12-05', NULL, NULL, ''),
(1962, 6, '2020-12-06', NULL, NULL, ''),
(1963, 6, '2020-12-07', '08:00:00', '16:00:00', 'HADIR'),
(1964, 6, '2020-12-08', '08:00:00', '16:00:00', 'HADIR'),
(1965, 6, '2020-12-09', NULL, NULL, 'LIBUR NASIONAL'),
(1966, 6, '2020-12-10', '08:00:00', '16:00:00', 'HADIR'),
(1967, 6, '2020-12-11', '08:00:00', '16:00:00', 'HADIR'),
(1968, 6, '2020-12-12', NULL, NULL, ''),
(1969, 6, '2020-12-13', NULL, NULL, ''),
(1970, 6, '2020-12-15', '08:00:00', '16:00:00', 'HADIR'),
(1971, 6, '2020-12-16', '08:00:00', '16:00:00', 'HADIR'),
(1972, 6, '2020-12-17', '08:00:00', '16:00:00', 'HADIR'),
(1973, 6, '2020-12-18', '08:00:00', '16:00:00', 'HADIR'),
(1974, 6, '2020-12-19', NULL, NULL, ''),
(1975, 6, '2020-12-20', NULL, NULL, ''),
(1976, 6, '2020-12-21', '08:00:00', '16:00:00', 'HADIR'),
(1977, 6, '2020-12-22', '08:00:00', '16:00:00', 'HADIR'),
(1978, 6, '2020-12-23', '08:00:00', '16:00:00', 'HADIR'),
(1979, 6, '2020-12-24', NULL, NULL, 'LIBUR NASIONAL'),
(1980, 6, '2020-12-25', NULL, NULL, 'LIBUR NASIONAL'),
(1981, 6, '2020-12-26', NULL, NULL, ''),
(1982, 6, '2020-12-27', NULL, NULL, ''),
(1983, 6, '2020-12-28', '08:00:00', '16:00:00', 'HADIR'),
(1984, 6, '2020-12-29', '08:00:00', '16:00:00', 'HADIR'),
(1985, 6, '2020-12-30', '08:00:00', '16:00:00', 'HADIR'),
(1986, 6, '2020-12-31', '08:00:00', '16:00:00', 'HADIR'),
(1987, 6, '2021-01-01', NULL, NULL, 'LIBUR NASIONAL'),
(1988, 6, '2021-01-02', NULL, NULL, ''),
(1989, 6, '2021-01-03', NULL, NULL, ''),
(1990, 6, '2021-01-04', '08:00:00', '16:00:00', 'HADIR'),
(1991, 6, '2021-01-05', '08:00:00', '16:00:00', 'HADIR'),
(1992, 6, '2021-01-06', '08:00:00', '16:00:00', 'HADIR'),
(1993, 6, '2021-01-07', '08:00:00', '16:00:00', 'HADIR'),
(1994, 6, '2021-01-08', '08:00:00', '16:00:00', 'HADIR'),
(1995, 6, '2021-01-09', NULL, NULL, ''),
(1996, 6, '2021-01-10', NULL, NULL, ''),
(1997, 6, '2021-01-11', '08:00:00', '16:00:00', 'HADIR'),
(1998, 6, '2021-01-12', '08:00:00', '16:00:00', 'HADIR'),
(1999, 6, '2021-01-13', '08:00:00', '16:00:00', 'HADIR');
INSERT INTO `presensi` (`id`, `karyawan_id`, `tanggal`, `jam_masuk`, `jam_keluar`, `keterangan`) VALUES
(2000, 6, '2021-01-14', '08:00:00', '16:00:00', 'HADIR'),
(2001, 6, '2021-01-15', '08:00:00', '16:00:00', 'HADIR'),
(2002, 6, '2021-01-16', NULL, NULL, ''),
(2003, 6, '2021-01-17', NULL, NULL, ''),
(2004, 6, '2021-01-18', '08:00:00', '16:00:00', 'HADIR'),
(2005, 6, '2021-01-19', '08:00:00', '16:00:00', 'HADIR'),
(2006, 6, '2021-01-20', '08:00:00', '16:00:00', 'HADIR'),
(2007, 6, '2021-01-21', '08:00:00', '16:00:00', 'HADIR'),
(2008, 6, '2021-01-22', '08:00:00', '16:00:00', 'HADIR'),
(2009, 6, '2021-01-23', NULL, NULL, ''),
(2010, 6, '2021-01-24', NULL, NULL, ''),
(2011, 6, '2021-01-25', '08:00:00', '16:00:00', 'HADIR'),
(2012, 6, '2021-01-26', '08:00:00', '16:00:00', 'HADIR'),
(2013, 6, '2021-01-27', '08:00:00', '16:00:00', 'HADIR'),
(2014, 6, '2021-01-28', '08:00:00', '16:00:00', 'HADIR'),
(2015, 6, '2021-01-29', '08:00:00', '16:00:00', 'HADIR'),
(2016, 6, '2021-01-30', NULL, NULL, ''),
(2017, 6, '2021-01-31', NULL, NULL, ''),
(2018, 7, '2020-11-01', NULL, NULL, ''),
(2019, 7, '2020-11-02', '08:00:00', '16:00:00', 'HADIR'),
(2020, 7, '2020-11-03', '08:35:00', '16:00:00', 'HADIR'),
(2021, 7, '2020-11-04', NULL, NULL, 'SAKIT'),
(2022, 7, '2020-11-05', '08:00:00', '16:00:00', 'HADIR'),
(2023, 7, '2020-11-06', '08:00:00', '16:00:00', 'HADIR'),
(2024, 7, '2020-11-07', NULL, NULL, ''),
(2025, 7, '2020-11-08', NULL, NULL, ''),
(2026, 7, '2020-11-09', '08:00:00', '16:00:00', 'HADIR'),
(2027, 7, '2020-11-10', NULL, NULL, 'LIBUR NASIONAL'),
(2028, 7, '2020-11-11', '08:00:00', '16:00:00', 'HADIR'),
(2029, 7, '2020-11-12', '08:00:00', '16:00:00', 'HADIR'),
(2030, 7, '2020-11-13', '08:00:00', '16:00:00', 'HADIR'),
(2031, 7, '2020-11-14', NULL, NULL, ''),
(2032, 7, '2020-11-15', NULL, NULL, ''),
(2033, 7, '2020-11-16', '08:00:00', '16:00:00', 'HADIR'),
(2034, 7, '2020-11-17', '08:00:00', '16:00:00', 'HADIR'),
(2035, 7, '2020-11-18', '08:45:00', '16:00:00', 'HADIR'),
(2036, 7, '2020-11-19', NULL, NULL, 'IZIN'),
(2037, 7, '2020-11-20', '08:00:00', '16:00:00', 'HADIR'),
(2038, 7, '2020-11-21', NULL, NULL, ''),
(2039, 7, '2020-11-22', NULL, NULL, ''),
(2040, 7, '2020-11-23', '08:00:00', '16:00:00', 'HADIR'),
(2041, 7, '2020-11-24', '08:00:00', '16:00:00', 'HADIR'),
(2042, 7, '2020-11-25', '08:00:00', '16:00:00', 'HADIR'),
(2043, 7, '2020-11-26', '08:00:00', '16:00:00', 'HADIR'),
(2044, 7, '2020-11-27', '08:00:00', '16:00:00', 'HADIR'),
(2045, 7, '2020-11-28', NULL, NULL, ''),
(2046, 7, '2020-11-29', NULL, NULL, ''),
(2047, 7, '2020-11-30', '08:00:00', '16:00:00', 'HADIR'),
(2048, 7, '2020-12-01', '08:00:00', '16:00:00', 'HADIR'),
(2049, 7, '2020-12-02', '08:00:00', '16:00:00', 'HADIR'),
(2050, 7, '2020-12-03', '08:00:00', '16:00:00', 'HADIR'),
(2051, 7, '2020-12-04', '08:00:00', '16:00:00', 'HADIR'),
(2052, 7, '2020-12-05', NULL, NULL, ''),
(2053, 7, '2020-12-06', NULL, NULL, ''),
(2054, 7, '2020-12-07', '08:00:00', '16:00:00', 'HADIR'),
(2055, 7, '2020-12-08', '08:00:00', '16:00:00', 'HADIR'),
(2056, 7, '2020-12-09', NULL, NULL, 'LIBUR NASIONAL'),
(2057, 7, '2020-12-10', '08:00:00', '16:00:00', 'HADIR'),
(2058, 7, '2020-12-11', '08:00:00', '16:00:00', 'HADIR'),
(2059, 7, '2020-12-12', NULL, NULL, ''),
(2060, 7, '2020-12-13', NULL, NULL, ''),
(2061, 7, '2020-12-14', '08:00:00', '16:00:00', 'HADIR'),
(2062, 7, '2020-12-15', '08:00:00', '16:00:00', 'HADIR'),
(2063, 7, '2020-12-16', '08:00:00', '16:00:00', 'HADIR'),
(2064, 7, '2020-12-17', NULL, NULL, 'SAKIT'),
(2065, 7, '2020-12-19', NULL, NULL, ''),
(2066, 7, '2020-12-20', NULL, NULL, ''),
(2067, 7, '2020-12-21', '08:00:00', '16:00:00', 'HADIR'),
(2068, 7, '2020-12-22', '08:00:00', '16:00:00', 'HADIR'),
(2069, 7, '2020-12-23', '08:00:00', '16:00:00', 'HADIR'),
(2070, 7, '2020-12-24', NULL, NULL, 'LIBUR NASIONAL'),
(2071, 7, '2020-12-25', NULL, NULL, 'LIBUR NASIONAL'),
(2072, 7, '2020-12-26', NULL, NULL, ''),
(2073, 7, '2020-12-27', NULL, NULL, ''),
(2074, 7, '2020-12-28', '08:00:00', '16:00:00', 'HADIR'),
(2075, 7, '2020-12-29', '08:50:00', '16:00:00', 'HADIR'),
(2076, 7, '2020-12-30', '08:00:00', '16:00:00', 'HADIR'),
(2077, 7, '2020-12-31', '08:00:00', '16:00:00', 'HADIR'),
(2078, 7, '2021-01-01', NULL, NULL, 'LIBUR NASIONAL'),
(2079, 7, '2021-01-02', NULL, NULL, ''),
(2080, 7, '2021-01-03', NULL, NULL, ''),
(2081, 7, '2021-01-04', '08:55:00', '16:00:00', 'HADIR'),
(2082, 7, '2021-01-05', '08:00:00', '16:00:00', 'HADIR'),
(2083, 7, '2021-01-06', '08:00:00', '16:00:00', 'HADIR'),
(2084, 7, '2021-01-07', '08:00:00', '16:00:00', 'HADIR'),
(2085, 7, '2021-01-08', '08:00:00', '16:00:00', 'HADIR'),
(2086, 7, '2021-01-09', NULL, NULL, ''),
(2087, 7, '2021-01-10', NULL, NULL, ''),
(2088, 7, '2021-01-11', '08:00:00', '16:00:00', 'HADIR'),
(2089, 7, '2021-01-12', '08:00:00', '16:00:00', 'HADIR'),
(2090, 7, '2021-01-13', '08:00:00', '16:00:00', 'HADIR'),
(2091, 7, '2021-01-14', '08:00:00', '16:00:00', 'HADIR'),
(2092, 7, '2021-01-15', '08:00:00', '16:00:00', 'HADIR'),
(2093, 7, '2021-01-16', NULL, NULL, ''),
(2094, 7, '2021-01-17', NULL, NULL, ''),
(2095, 7, '2021-01-18', '08:00:00', '16:00:00', 'HADIR'),
(2096, 7, '2021-01-19', '08:00:00', '16:00:00', 'HADIR'),
(2097, 7, '2021-01-20', '08:00:00', '16:00:00', 'HADIR'),
(2098, 7, '2021-01-21', NULL, NULL, 'IZIN'),
(2099, 7, '2021-01-22', '08:00:00', '16:00:00', 'HADIR'),
(2100, 7, '2021-01-23', NULL, NULL, ''),
(2101, 7, '2021-01-24', NULL, NULL, ''),
(2102, 7, '2021-01-25', '08:00:00', '16:00:00', 'HADIR'),
(2103, 7, '2021-01-26', '08:00:00', '16:00:00', 'HADIR'),
(2104, 7, '2021-01-27', '08:40:00', '16:00:00', 'HADIR'),
(2105, 7, '2021-01-28', '08:00:00', '16:00:00', 'HADIR'),
(2106, 7, '2021-01-29', '08:00:00', '16:00:00', 'HADIR'),
(2107, 7, '2021-01-30', NULL, NULL, ''),
(2108, 7, '2021-01-31', NULL, NULL, ''),
(2109, 8, '2020-11-01', NULL, NULL, ''),
(2110, 8, '2020-11-02', '08:00:00', '16:00:00', 'HADIR'),
(2111, 8, '2020-11-03', '08:00:00', '16:00:00', 'HADIR'),
(2112, 8, '2020-11-04', '08:00:00', '16:00:00', 'HADIR'),
(2113, 8, '2020-11-05', '08:00:00', '16:00:00', 'HADIR'),
(2114, 8, '2020-11-06', '08:35:00', '16:00:00', 'HADIR'),
(2115, 8, '2020-11-07', NULL, NULL, ''),
(2116, 8, '2020-11-08', NULL, NULL, ''),
(2117, 8, '2020-11-09', '08:00:00', '16:00:00', 'HADIR'),
(2118, 8, '2020-11-10', NULL, NULL, 'LIBUR NASIONAL'),
(2119, 8, '2020-11-11', '08:00:00', '16:00:00', 'HADIR'),
(2120, 8, '2020-11-12', '08:00:00', '16:00:00', 'HADIR'),
(2121, 8, '2020-11-13', '08:00:00', '16:00:00', 'HADIR'),
(2122, 8, '2020-11-14', NULL, NULL, ''),
(2123, 8, '2020-11-15', NULL, NULL, ''),
(2124, 8, '2020-11-16', '08:00:00', '16:00:00', 'HADIR'),
(2125, 8, '2020-11-17', '08:00:00', '16:00:00', 'HADIR'),
(2126, 8, '2020-11-18', '08:35:00', '16:00:00', 'HADIR'),
(2127, 8, '2020-11-19', '08:00:00', '16:00:00', 'HADIR'),
(2128, 8, '2020-11-20', '08:00:00', '16:00:00', 'HADIR'),
(2129, 8, '2020-11-21', NULL, NULL, ''),
(2130, 8, '2020-11-22', NULL, NULL, ''),
(2131, 8, '2020-11-23', '08:00:00', '16:00:00', 'HADIR'),
(2132, 8, '2020-11-24', '08:00:00', '16:00:00', 'HADIR'),
(2133, 8, '2020-11-25', NULL, NULL, 'IZIN'),
(2134, 8, '2020-11-26', '08:00:00', '16:00:00', 'HADIR'),
(2135, 8, '2020-11-27', '08:00:00', '16:00:00', 'HADIR'),
(2136, 8, '2020-11-28', NULL, NULL, ''),
(2137, 8, '2020-11-29', NULL, NULL, ''),
(2138, 8, '2020-11-30', '08:00:00', '16:00:00', 'HADIR'),
(2139, 8, '2020-12-01', '08:00:00', '16:00:00', 'HADIR'),
(2140, 8, '2020-12-02', NULL, NULL, 'CUTI'),
(2141, 8, '2020-12-03', NULL, NULL, 'CUTI'),
(2142, 8, '2020-12-04', '08:00:00', '16:00:00', 'HADIR'),
(2143, 8, '2020-12-05', NULL, NULL, ''),
(2144, 8, '2020-12-06', NULL, NULL, ''),
(2145, 8, '2020-12-07', '08:00:00', '16:00:00', 'HADIR'),
(2146, 8, '2020-12-08', '08:00:00', '16:00:00', 'HADIR'),
(2147, 8, '2020-12-09', NULL, NULL, 'LIBUR NASIONAL'),
(2148, 8, '2020-12-10', '08:00:00', '16:00:00', 'HADIR'),
(2149, 8, '2020-12-11', '08:00:00', '16:00:00', 'HADIR'),
(2150, 8, '2020-12-12', NULL, NULL, ''),
(2151, 8, '2020-12-13', NULL, NULL, ''),
(2152, 8, '2020-12-14', '08:37:00', '16:00:00', 'HADIR'),
(2153, 8, '2020-12-15', '08:00:00', '16:00:00', 'HADIR'),
(2154, 8, '2020-12-16', '08:00:00', '16:00:00', 'HADIR'),
(2155, 8, '2020-12-17', '08:00:00', '16:00:00', 'HADIR'),
(2156, 8, '2020-12-18', '08:00:00', '16:00:00', 'HADIR'),
(2157, 8, '2020-12-19', NULL, NULL, ''),
(2158, 8, '2020-12-20', NULL, NULL, ''),
(2159, 8, '2020-12-21', '08:00:00', '16:00:00', 'HADIR'),
(2160, 8, '2020-12-22', '08:00:00', '16:00:00', 'HADIR'),
(2161, 8, '2020-12-23', '08:00:00', '16:00:00', 'HADIR'),
(2162, 8, '2020-12-24', NULL, NULL, 'LIBUR NASIONAL'),
(2163, 8, '2020-12-25', NULL, NULL, 'LIBUR NASIONAL'),
(2164, 8, '2020-12-26', NULL, NULL, ''),
(2165, 8, '2020-12-27', NULL, NULL, ''),
(2166, 8, '2020-12-28', '08:00:00', '16:00:00', 'HADIR'),
(2167, 8, '2020-12-29', '08:00:00', '16:00:00', 'HADIR'),
(2168, 8, '2020-12-30', '08:35:00', '16:00:00', 'HADIR'),
(2169, 8, '2020-12-31', '08:00:00', '16:00:00', 'HADIR'),
(2170, 8, '2021-01-01', NULL, NULL, 'LIBUR NASIONAL'),
(2171, 8, '2021-01-02', NULL, NULL, ''),
(2172, 8, '2021-01-03', NULL, NULL, ''),
(2173, 8, '2021-01-04', '08:00:00', '16:00:00', 'HADIR'),
(2174, 8, '2021-01-05', '08:00:00', '16:00:00', 'HADIR'),
(2175, 8, '2021-01-06', NULL, NULL, 'IZIN'),
(2176, 8, '2021-01-07', '08:00:00', '16:00:00', 'HADIR'),
(2177, 8, '2021-01-08', '08:00:00', '16:00:00', 'HADIR'),
(2178, 8, '2021-01-09', NULL, NULL, ''),
(2179, 8, '2021-01-10', NULL, NULL, ''),
(2180, 8, '2021-01-11', '08:00:00', '16:00:00', 'HADIR'),
(2181, 8, '2021-01-12', '08:00:00', '16:00:00', 'HADIR'),
(2182, 8, '2021-01-13', '08:00:00', '16:00:00', 'HADIR'),
(2183, 8, '2021-01-14', '08:00:00', '16:00:00', 'HADIR'),
(2184, 8, '2021-01-15', '08:00:00', '16:00:00', 'HADIR'),
(2185, 8, '2021-01-16', NULL, NULL, ''),
(2186, 8, '2021-01-17', NULL, NULL, ''),
(2187, 8, '2021-01-18', '08:00:00', '16:00:00', 'HADIR'),
(2188, 8, '2021-01-19', '08:00:00', '16:00:00', 'HADIR'),
(2189, 8, '2021-01-20', '08:00:00', '16:00:00', 'HADIR'),
(2190, 8, '2021-01-21', '08:00:00', '16:00:00', 'HADIR'),
(2191, 8, '2021-01-22', '08:00:00', '16:00:00', 'HADIR'),
(2192, 8, '2021-01-23', NULL, NULL, ''),
(2193, 8, '2021-01-24', NULL, NULL, ''),
(2194, 8, '2021-01-25', '08:00:00', '16:00:00', 'HADIR'),
(2195, 8, '2021-01-26', NULL, NULL, 'SAKIT'),
(2196, 8, '2021-01-27', NULL, NULL, 'SAKIT'),
(2197, 8, '2021-01-28', '08:00:00', '16:00:00', 'HADIR'),
(2198, 8, '2021-01-29', '08:00:00', '16:00:00', 'HADIR'),
(2199, 8, '2021-01-30', NULL, NULL, ''),
(2200, 8, '2021-01-31', NULL, NULL, ''),
(2201, 3, '2020-11-01', NULL, NULL, ''),
(2202, 3, '2020-11-02', '08:00:00', '16:00:00', 'HADIR'),
(2203, 3, '2020-11-03', '08:00:00', '16:00:00', 'HADIR'),
(2204, 3, '2020-11-04', '08:00:00', '16:00:00', 'HADIR'),
(2205, 3, '2020-11-05', '08:00:00', '16:00:00', 'HADIR'),
(2206, 3, '2020-11-06', '08:00:00', '16:00:00', 'HADIR'),
(2207, 3, '2020-11-07', NULL, NULL, ''),
(2208, 3, '2020-11-08', NULL, NULL, ''),
(2209, 3, '2020-11-09', '08:00:00', '16:00:00', 'HADIR'),
(2210, 3, '2020-11-10', NULL, NULL, 'LIBUR NASIONAL'),
(2211, 3, '2020-11-11', '08:00:00', '16:00:00', 'HADIR'),
(2212, 3, '2020-11-12', '08:00:00', '16:00:00', 'HADIR'),
(2213, 3, '2020-11-13', '08:00:00', '16:00:00', 'HADIR'),
(2214, 3, '2020-11-14', NULL, NULL, ''),
(2215, 3, '2020-11-15', NULL, NULL, ''),
(2216, 3, '2020-11-16', '08:00:00', '16:00:00', 'HADIR'),
(2217, 3, '2020-11-17', '08:00:00', '16:00:00', 'HADIR'),
(2218, 3, '2020-11-18', '08:00:00', '16:00:00', 'HADIR'),
(2219, 3, '2020-11-19', '08:00:00', '16:00:00', 'HADIR'),
(2220, 3, '2020-11-20', '08:00:00', '16:00:00', 'HADIR'),
(2221, 3, '2020-11-21', NULL, NULL, ''),
(2222, 3, '2020-11-22', NULL, NULL, ''),
(2223, 3, '2020-11-23', '08:00:00', '16:00:00', 'HADIR'),
(2224, 3, '2020-11-24', '08:00:00', '16:00:00', 'HADIR'),
(2225, 3, '2020-11-25', '08:00:00', '16:00:00', 'HADIR'),
(2226, 3, '2020-11-26', '08:00:00', '16:00:00', 'HADIR'),
(2227, 3, '2020-11-27', '08:00:00', '16:00:00', 'HADIR'),
(2228, 3, '2020-11-28', NULL, NULL, ''),
(2229, 3, '2020-11-29', NULL, NULL, ''),
(2230, 3, '2020-11-30', '08:00:00', '16:00:00', 'HADIR'),
(2231, 3, '2020-12-01', '08:00:00', '16:00:00', 'HADIR'),
(2232, 3, '2020-12-02', '08:00:00', '16:00:00', 'HADIR'),
(2233, 3, '2020-12-03', '08:00:00', '16:00:00', 'HADIR'),
(2234, 3, '2020-12-04', '08:00:00', '16:00:00', 'HADIR'),
(2235, 3, '2020-12-05', NULL, NULL, ''),
(2236, 3, '2020-12-06', NULL, NULL, ''),
(2237, 3, '2020-12-07', '08:00:00', '16:00:00', 'HADIR'),
(2238, 3, '2020-12-08', '08:00:00', '16:00:00', 'HADIR'),
(2239, 3, '2020-12-09', NULL, NULL, 'LIBUR NASIONAL'),
(2240, 3, '2020-12-10', '08:00:00', '16:00:00', 'HADIR'),
(2241, 3, '2020-12-11', '08:00:00', '16:00:00', 'HADIR'),
(2242, 3, '2020-12-12', NULL, NULL, ''),
(2243, 3, '2020-12-13', NULL, NULL, ''),
(2244, 3, '2020-12-14', '08:00:00', '16:00:00', 'HADIR'),
(2245, 3, '2020-12-15', '08:00:00', '16:00:00', 'HADIR'),
(2246, 3, '2020-12-16', '08:00:00', '16:00:00', 'HADIR'),
(2247, 3, '2020-12-17', '08:00:00', '16:00:00', 'HADIR'),
(2248, 3, '2020-12-18', '08:00:00', '16:00:00', 'HADIR'),
(2249, 3, '2020-12-19', NULL, NULL, ''),
(2250, 3, '2020-12-20', NULL, NULL, ''),
(2251, 3, '2020-12-21', '08:00:00', '16:00:00', 'HADIR'),
(2252, 3, '2020-12-22', '08:00:00', '16:00:00', 'HADIR'),
(2253, 3, '2020-12-23', '08:00:00', '16:00:00', 'HADIR'),
(2254, 3, '2020-12-24', NULL, NULL, 'LIBUR NASIONAL'),
(2255, 3, '2020-12-25', NULL, NULL, 'LIBUR NASIONAL'),
(2256, 3, '2020-12-26', NULL, NULL, ''),
(2257, 3, '2020-12-27', NULL, NULL, ''),
(2258, 3, '2020-12-28', '08:00:00', '16:00:00', 'HADIR'),
(2259, 3, '2020-12-29', '08:00:00', '16:00:00', 'HADIR'),
(2260, 3, '2020-12-30', '08:00:00', '16:00:00', 'HADIR'),
(2261, 3, '2020-12-31', '08:00:00', '16:00:00', 'HADIR'),
(2262, 3, '2021-01-01', NULL, NULL, 'LIBUR NASIONAL'),
(2263, 3, '2021-01-02', NULL, NULL, ''),
(2264, 3, '2021-01-03', NULL, NULL, ''),
(2265, 3, '2021-01-04', '08:00:00', '16:00:00', 'HADIR'),
(2266, 3, '2021-01-05', '08:00:00', '16:00:00', 'HADIR'),
(2267, 3, '2021-01-06', '08:00:00', '16:00:00', 'HADIR'),
(2268, 3, '2021-01-07', '08:00:00', '16:00:00', 'HADIR'),
(2269, 3, '2021-01-08', '08:00:00', '16:00:00', 'HADIR'),
(2270, 3, '2021-01-09', NULL, NULL, ''),
(2271, 3, '2021-01-10', NULL, NULL, ''),
(2272, 3, '2021-01-11', '08:00:00', '16:00:00', 'HADIR'),
(2273, 3, '2021-01-12', '08:00:00', '16:00:00', 'HADIR'),
(2274, 3, '2021-01-13', '08:00:00', '16:00:00', 'HADIR'),
(2275, 3, '2021-01-14', '08:00:00', '16:00:00', 'HADIR'),
(2276, 3, '2021-01-15', '08:00:00', '16:00:00', 'HADIR'),
(2277, 3, '2021-01-16', NULL, NULL, ''),
(2278, 3, '2021-01-17', NULL, NULL, ''),
(2279, 3, '2021-01-18', '08:00:00', '16:00:00', 'HADIR'),
(2280, 3, '2021-01-19', '08:00:00', '16:00:00', 'HADIR'),
(2281, 3, '2021-01-20', '08:00:00', '16:00:00', 'HADIR'),
(2282, 3, '2021-01-21', '08:00:00', '16:00:00', 'HADIR'),
(2283, 3, '2021-01-22', '08:00:00', '16:00:00', 'HADIR'),
(2284, 3, '2021-01-23', NULL, NULL, ''),
(2285, 3, '2021-01-24', NULL, NULL, ''),
(2286, 3, '2021-01-25', '08:00:00', '16:00:00', 'HADIR'),
(2287, 3, '2021-01-26', '08:00:00', '16:00:00', 'HADIR'),
(2288, 3, '2021-01-27', '08:00:00', '16:00:00', 'HADIR'),
(2289, 3, '2021-01-28', '08:00:00', '16:00:00', 'HADIR'),
(2290, 3, '2021-01-29', '08:00:00', '16:00:00', 'HADIR'),
(2291, 3, '2021-01-30', NULL, NULL, ''),
(2292, 3, '2021-01-31', NULL, NULL, ''),
(2293, 4, '2020-11-01', NULL, NULL, ''),
(2294, 4, '2020-11-02', '08:00:00', '16:00:00', 'HADIR'),
(2295, 4, '2020-11-03', '08:35:00', '16:00:00', 'HADIR'),
(2296, 4, '2020-11-04', NULL, NULL, 'SAKIT'),
(2297, 4, '2020-11-05', '08:00:00', '16:00:00', 'HADIR'),
(2298, 4, '2020-11-06', '08:00:00', '16:00:00', 'HADIR'),
(2299, 4, '2020-11-07', NULL, NULL, ''),
(2300, 4, '2020-11-08', NULL, NULL, ''),
(2301, 4, '2020-11-09', '08:00:00', '16:00:00', 'HADIR'),
(2302, 4, '2020-11-10', NULL, NULL, 'LIBUR NASIONAL'),
(2303, 4, '2020-11-11', '08:00:00', '16:00:00', 'HADIR'),
(2304, 4, '2020-11-12', '08:00:00', '16:00:00', 'HADIR'),
(2305, 4, '2020-11-13', '08:00:00', '16:00:00', 'HADIR'),
(2306, 4, '2020-11-14', NULL, NULL, ''),
(2307, 4, '2020-11-15', NULL, NULL, ''),
(2308, 4, '2020-11-16', '08:00:00', '16:00:00', 'HADIR'),
(2309, 4, '2020-11-17', '08:00:00', '16:00:00', 'HADIR'),
(2310, 4, '2020-11-18', '08:45:00', '16:00:00', 'HADIR'),
(2311, 4, '2020-11-19', NULL, NULL, 'IZIN'),
(2312, 4, '2020-11-20', '08:00:00', '16:00:00', 'HADIR'),
(2313, 4, '2020-11-21', NULL, NULL, ''),
(2314, 4, '2020-11-22', NULL, NULL, ''),
(2315, 4, '2020-11-23', '08:00:00', '16:00:00', 'HADIR'),
(2316, 4, '2020-11-24', '08:00:00', '16:00:00', 'HADIR'),
(2317, 4, '2020-11-25', '08:00:00', '16:00:00', 'HADIR'),
(2318, 4, '2020-11-26', '08:00:00', '16:00:00', 'HADIR'),
(2319, 4, '2020-11-27', '08:00:00', '16:00:00', 'HADIR'),
(2320, 4, '2020-11-28', NULL, NULL, ''),
(2321, 4, '2020-11-29', NULL, NULL, ''),
(2322, 4, '2020-11-30', '08:00:00', '16:00:00', 'HADIR'),
(2323, 4, '2020-12-01', '08:00:00', '16:00:00', 'HADIR'),
(2324, 4, '2020-12-02', '08:00:00', '16:00:00', 'HADIR'),
(2325, 4, '2020-12-03', '08:00:00', '16:00:00', 'HADIR'),
(2326, 4, '2020-12-04', '08:00:00', '16:00:00', 'HADIR'),
(2327, 4, '2020-12-05', NULL, NULL, ''),
(2328, 4, '2020-12-06', NULL, NULL, ''),
(2329, 4, '2020-12-07', '08:00:00', '16:00:00', 'HADIR'),
(2330, 4, '2020-12-08', '08:00:00', '16:00:00', 'HADIR'),
(2331, 4, '2020-12-09', NULL, NULL, 'LIBUR NASIONAL'),
(2332, 4, '2020-12-10', '08:00:00', '16:00:00', 'HADIR'),
(2333, 4, '2020-12-11', '08:00:00', '16:00:00', 'HADIR'),
(2334, 4, '2020-12-12', NULL, NULL, ''),
(2335, 4, '2020-12-13', NULL, NULL, ''),
(2336, 4, '2020-12-14', '08:00:00', '16:00:00', 'HADIR'),
(2337, 4, '2020-12-15', '08:00:00', '16:00:00', 'HADIR'),
(2338, 4, '2020-12-16', '08:00:00', '16:00:00', 'HADIR'),
(2339, 4, '2020-12-17', NULL, NULL, 'SAKIT'),
(2340, 4, '2020-12-18', '08:00:00', '16:00:00', 'HADIR'),
(2341, 4, '2020-12-19', NULL, NULL, ''),
(2342, 4, '2020-12-20', NULL, NULL, ''),
(2343, 4, '2020-12-21', '08:00:00', '16:00:00', 'HADIR'),
(2344, 4, '2020-12-22', '08:00:00', '16:00:00', 'HADIR'),
(2345, 4, '2020-12-23', '08:00:00', '16:00:00', 'HADIR'),
(2346, 4, '2020-12-24', NULL, NULL, 'LIBUR NASIONAL'),
(2347, 4, '2020-12-25', NULL, NULL, 'LIBUR NASIONAL'),
(2348, 4, '2020-12-26', NULL, NULL, ''),
(2349, 4, '2020-12-27', NULL, NULL, ''),
(2350, 4, '2020-12-28', '08:00:00', '16:00:00', 'HADIR'),
(2351, 4, '2020-12-29', '08:50:00', '16:00:00', 'HADIR'),
(2352, 4, '2020-12-30', '08:00:00', '16:00:00', 'HADIR'),
(2353, 4, '2020-12-31', '08:00:00', '16:00:00', 'HADIR'),
(2354, 4, '2021-01-01', NULL, NULL, 'LIBUR NASIONAL'),
(2355, 4, '2021-01-02', NULL, NULL, ''),
(2356, 4, '2021-01-03', NULL, NULL, ''),
(2357, 4, '2021-01-04', '08:00:00', '16:00:00', 'HADIR'),
(2358, 4, '2021-01-05', '08:00:00', '16:00:00', 'HADIR'),
(2359, 4, '2021-01-06', '08:00:00', '16:00:00', 'HADIR'),
(2360, 4, '2021-01-07', '08:00:00', '16:00:00', 'HADIR'),
(2361, 4, '2021-01-08', '08:00:00', '16:00:00', 'HADIR'),
(2362, 4, '2021-01-09', NULL, NULL, ''),
(2363, 4, '2021-01-10', NULL, NULL, ''),
(2364, 4, '2021-01-11', '08:00:00', '16:00:00', 'HADIR'),
(2365, 4, '2021-01-12', '08:00:00', '16:00:00', 'HADIR'),
(2366, 4, '2021-01-13', '08:00:00', '16:00:00', 'HADIR'),
(2367, 4, '2021-01-14', '08:00:00', '16:00:00', 'HADIR'),
(2368, 4, '2021-01-15', '08:00:00', '16:00:00', 'HADIR'),
(2369, 4, '2021-01-16', NULL, NULL, ''),
(2370, 4, '2021-01-17', NULL, NULL, ''),
(2371, 4, '2021-01-18', '08:00:00', '16:00:00', 'HADIR'),
(2372, 4, '2021-01-19', '08:00:00', '16:00:00', 'HADIR'),
(2373, 4, '2021-01-20', '08:00:00', '16:00:00', 'HADIR'),
(2374, 4, '2021-01-21', NULL, NULL, 'IZIN'),
(2375, 4, '2021-01-22', '08:00:00', '16:00:00', 'HADIR'),
(2376, 4, '2021-01-23', NULL, NULL, ''),
(2377, 4, '2021-01-24', NULL, NULL, ''),
(2378, 4, '2021-01-25', '08:00:00', '16:00:00', 'HADIR'),
(2379, 4, '2021-01-26', '08:00:00', '16:00:00', 'HADIR'),
(2380, 4, '2021-01-27', '08:40:00', '16:00:00', 'HADIR'),
(2381, 4, '2021-01-28', '08:00:00', '16:00:00', 'HADIR'),
(2382, 4, '2021-01-29', '08:00:00', '16:00:00', 'HADIR'),
(2383, 4, '2021-01-30', NULL, NULL, ''),
(2384, 4, '2021-01-31', NULL, NULL, ''),
(2385, 5, '2020-11-01', NULL, NULL, ''),
(2386, 5, '2020-11-02', '08:00:00', '16:00:00', 'HADIR'),
(2387, 5, '2020-11-03', '08:00:00', '16:00:00', 'HADIR'),
(2388, 5, '2020-11-04', '08:00:00', '16:00:00', 'HADIR'),
(2389, 5, '2020-11-05', '08:00:00', '16:00:00', 'HADIR'),
(2390, 5, '2020-11-06', '08:35:00', '16:00:00', 'HADIR'),
(2391, 5, '2020-11-07', NULL, NULL, ''),
(2392, 5, '2020-11-08', NULL, NULL, ''),
(2393, 5, '2020-11-09', '08:00:00', '16:00:00', 'HADIR'),
(2394, 5, '2020-11-10', NULL, NULL, 'LIBUR NASIONAL'),
(2395, 5, '2020-11-11', '08:00:00', '16:00:00', 'HADIR'),
(2396, 5, '2020-11-12', '08:00:00', '16:00:00', 'HADIR'),
(2397, 5, '2020-11-13', '08:00:00', '16:00:00', 'HADIR'),
(2398, 5, '2020-11-14', NULL, NULL, ''),
(2399, 5, '2020-11-15', NULL, NULL, ''),
(2400, 5, '2020-11-16', '08:00:00', '16:00:00', 'HADIR'),
(2401, 5, '2020-11-17', '08:00:00', '16:00:00', 'HADIR'),
(2402, 5, '2020-11-18', '08:35:00', '16:00:00', 'HADIR'),
(2403, 5, '2020-11-19', '08:00:00', '16:00:00', 'HADIR'),
(2404, 5, '2020-11-20', '08:00:00', '16:00:00', 'HADIR'),
(2405, 5, '2020-11-21', NULL, NULL, ''),
(2406, 5, '2020-11-22', NULL, NULL, ''),
(2407, 5, '2020-11-23', '08:00:00', '16:00:00', 'HADIR'),
(2408, 5, '2020-11-24', '08:00:00', '16:00:00', 'HADIR'),
(2409, 5, '2020-11-25', NULL, NULL, 'SAKIT'),
(2410, 5, '2020-11-26', '08:00:00', '16:00:00', 'HADIR'),
(2411, 5, '2020-11-27', '08:00:00', '16:00:00', 'HADIR'),
(2412, 5, '2020-11-28', NULL, NULL, ''),
(2413, 5, '2020-11-29', NULL, NULL, ''),
(2414, 5, '2020-11-30', '08:00:00', '16:00:00', 'HADIR'),
(2415, 5, '2020-12-01', '08:00:00', '16:00:00', 'HADIR'),
(2416, 5, '2020-12-02', '08:00:00', '16:00:00', 'HADIR'),
(2417, 5, '2020-12-03', '08:00:00', '16:00:00', 'HADIR'),
(2418, 5, '2020-12-04', '08:00:00', '16:00:00', 'HADIR'),
(2419, 5, '2020-12-05', NULL, NULL, ''),
(2420, 5, '2020-12-06', NULL, NULL, ''),
(2421, 5, '2020-12-07', '08:00:00', '16:00:00', 'HADIR'),
(2422, 5, '2020-12-08', '08:00:00', '16:00:00', 'HADIR'),
(2423, 5, '2020-12-09', NULL, NULL, 'LIBUR NASIONAL'),
(2424, 5, '2020-12-10', '08:00:00', '16:00:00', 'HADIR'),
(2425, 5, '2020-12-11', '08:00:00', '16:00:00', 'HADIR'),
(2426, 5, '2020-12-12', NULL, NULL, ''),
(2427, 5, '2020-12-13', NULL, NULL, ''),
(2428, 5, '2020-12-14', '08:00:00', '16:00:00', 'HADIR'),
(2429, 5, '2020-12-15', '08:00:00', '16:00:00', 'HADIR'),
(2430, 5, '2020-12-16', '08:00:00', '16:00:00', 'HADIR'),
(2431, 5, '2020-12-17', '08:00:00', '16:00:00', 'HADIR'),
(2432, 5, '2020-12-18', '08:00:00', '16:00:00', 'HADIR'),
(2433, 5, '2020-12-19', NULL, NULL, ''),
(2434, 5, '2020-12-20', NULL, NULL, ''),
(2435, 5, '2020-12-21', '08:00:00', '16:00:00', 'HADIR'),
(2436, 5, '2020-12-22', '08:00:00', '16:00:00', 'HADIR'),
(2437, 5, '2020-12-23', '08:00:00', '16:00:00', 'HADIR'),
(2438, 5, '2020-12-24', NULL, NULL, 'LIBUR NASIONAL'),
(2439, 5, '2020-12-25', NULL, NULL, 'LIBUR NASIONAL'),
(2440, 5, '2020-12-26', NULL, NULL, ''),
(2441, 5, '2020-12-27', NULL, NULL, ''),
(2442, 5, '2020-12-28', '08:00:00', '16:00:00', 'HADIR'),
(2443, 5, '2020-12-29', '08:00:00', '16:00:00', 'HADIR'),
(2444, 5, '2020-12-30', '08:00:00', '16:00:00', 'HADIR'),
(2445, 5, '2020-12-31', '08:00:00', '16:00:00', 'HADIR'),
(2446, 5, '2021-01-01', NULL, NULL, 'LIBUR NASIONAL'),
(2447, 5, '2021-01-02', NULL, NULL, ''),
(2448, 5, '2021-01-03', NULL, NULL, ''),
(2449, 5, '2021-01-04', '08:00:00', '16:00:00', 'HADIR'),
(2450, 5, '2021-01-05', '08:00:00', '16:00:00', 'HADIR'),
(2451, 5, '2021-01-06', NULL, NULL, 'IZIN'),
(2452, 5, '2021-01-07', '08:00:00', '16:00:00', 'HADIR'),
(2453, 5, '2021-01-08', '08:00:00', '16:00:00', 'HADIR'),
(2454, 5, '2021-01-09', NULL, NULL, ''),
(2455, 5, '2021-01-10', NULL, NULL, ''),
(2456, 5, '2021-01-11', '08:00:00', '16:00:00', 'HADIR'),
(2457, 5, '2021-01-12', '08:00:00', '16:00:00', 'HADIR'),
(2458, 5, '2021-01-13', '08:00:00', '16:00:00', 'HADIR'),
(2459, 5, '2021-01-14', '08:00:00', '16:00:00', 'HADIR'),
(2460, 5, '2021-01-15', '08:00:00', '16:00:00', 'HADIR'),
(2461, 5, '2021-01-16', NULL, NULL, ''),
(2462, 5, '2021-01-17', NULL, NULL, ''),
(2463, 5, '2021-01-18', '08:00:00', '16:00:00', 'HADIR'),
(2464, 5, '2021-01-19', '08:00:00', '16:00:00', 'HADIR'),
(2465, 5, '2021-01-20', '08:00:00', '16:00:00', 'HADIR'),
(2466, 5, '2021-01-21', '08:00:00', '16:00:00', 'HADIR'),
(2467, 5, '2021-01-22', '08:00:00', '16:00:00', 'HADIR'),
(2468, 5, '2021-01-23', NULL, NULL, ''),
(2469, 5, '2021-01-24', NULL, NULL, ''),
(2470, 5, '2021-01-25', '08:00:00', '16:00:00', 'HADIR'),
(2471, 5, '2021-01-26', NULL, NULL, 'SAKIT'),
(2472, 5, '2021-01-27', NULL, NULL, 'SAKIT'),
(2473, 5, '2021-01-28', '08:00:00', '16:00:00', 'HADIR'),
(2474, 5, '2021-01-29', '08:00:00', '16:00:00', 'HADIR'),
(2475, 5, '2021-01-30', NULL, NULL, ''),
(2476, 5, '2021-01-31', NULL, NULL, ''),
(2477, 6, '2020-11-01', NULL, NULL, ''),
(2478, 6, '2020-11-02', '08:00:00', '16:00:00', 'HADIR'),
(2479, 6, '2020-11-03', '08:00:00', '16:00:00', 'HADIR'),
(2480, 6, '2020-11-04', '08:00:00', '16:00:00', 'HADIR'),
(2481, 6, '2020-11-05', '08:00:00', '16:00:00', 'HADIR'),
(2482, 6, '2020-11-06', '08:00:00', '16:00:00', 'HADIR'),
(2483, 6, '2020-11-07', NULL, NULL, ''),
(2484, 6, '2020-11-08', NULL, NULL, ''),
(2485, 6, '2020-11-09', '08:00:00', '16:00:00', 'HADIR'),
(2486, 6, '2020-11-10', NULL, NULL, 'LIBUR NASIONAL'),
(2487, 6, '2020-11-11', '08:00:00', '16:00:00', 'HADIR'),
(2488, 6, '2020-11-12', '08:00:00', '16:00:00', 'HADIR'),
(2489, 6, '2020-11-13', '08:00:00', '16:00:00', 'HADIR'),
(2490, 6, '2020-11-14', NULL, NULL, ''),
(2491, 6, '2020-11-15', NULL, NULL, ''),
(2492, 6, '2020-11-16', '08:00:00', '16:00:00', 'HADIR'),
(2493, 6, '2020-11-17', '08:00:00', '16:00:00', 'HADIR'),
(2494, 6, '2020-11-18', '08:00:00', '16:00:00', 'HADIR'),
(2495, 6, '2020-11-19', '08:00:00', '16:00:00', 'HADIR'),
(2496, 6, '2020-11-20', '08:00:00', '16:00:00', 'HADIR'),
(2497, 6, '2020-11-21', NULL, NULL, ''),
(2498, 6, '2020-11-22', NULL, NULL, ''),
(2499, 6, '2020-11-23', '08:00:00', '16:00:00', 'HADIR'),
(2500, 6, '2020-11-24', '08:00:00', '16:00:00', 'HADIR'),
(2501, 6, '2020-11-25', '08:00:00', '16:00:00', 'HADIR'),
(2502, 6, '2020-11-26', '08:00:00', '16:00:00', 'HADIR'),
(2503, 6, '2020-11-27', '08:00:00', '16:00:00', 'HADIR'),
(2504, 6, '2020-11-28', NULL, NULL, ''),
(2505, 6, '2020-11-29', NULL, NULL, ''),
(2506, 6, '2020-11-30', '08:00:00', '16:00:00', 'HADIR'),
(2507, 6, '2020-12-01', '08:00:00', '16:00:00', 'HADIR'),
(2508, 6, '2020-12-02', '08:00:00', '16:00:00', 'HADIR'),
(2509, 6, '2020-12-03', '08:00:00', '16:00:00', 'HADIR'),
(2510, 6, '2020-12-04', '08:00:00', '16:00:00', 'HADIR'),
(2511, 6, '2020-12-05', NULL, NULL, ''),
(2512, 6, '2020-12-06', NULL, NULL, ''),
(2513, 6, '2020-12-07', '08:00:00', '16:00:00', 'HADIR'),
(2514, 6, '2020-12-08', '08:00:00', '16:00:00', 'HADIR'),
(2515, 6, '2020-12-09', NULL, NULL, 'LIBUR NASIONAL'),
(2516, 6, '2020-12-10', '08:00:00', '16:00:00', 'HADIR'),
(2517, 6, '2020-12-11', '08:00:00', '16:00:00', 'HADIR'),
(2518, 6, '2020-12-12', NULL, NULL, ''),
(2519, 6, '2020-12-13', NULL, NULL, ''),
(2520, 6, '2020-12-15', '08:00:00', '16:00:00', 'HADIR'),
(2521, 6, '2020-12-16', '08:00:00', '16:00:00', 'HADIR'),
(2522, 6, '2020-12-17', '08:00:00', '16:00:00', 'HADIR'),
(2523, 6, '2020-12-18', '08:00:00', '16:00:00', 'HADIR'),
(2524, 6, '2020-12-19', NULL, NULL, ''),
(2525, 6, '2020-12-20', NULL, NULL, ''),
(2526, 6, '2020-12-21', '08:00:00', '16:00:00', 'HADIR'),
(2527, 6, '2020-12-22', '08:00:00', '16:00:00', 'HADIR'),
(2528, 6, '2020-12-23', '08:00:00', '16:00:00', 'HADIR'),
(2529, 6, '2020-12-24', NULL, NULL, 'LIBUR NASIONAL'),
(2530, 6, '2020-12-25', NULL, NULL, 'LIBUR NASIONAL'),
(2531, 6, '2020-12-26', NULL, NULL, ''),
(2532, 6, '2020-12-27', NULL, NULL, ''),
(2533, 6, '2020-12-28', '08:00:00', '16:00:00', 'HADIR'),
(2534, 6, '2020-12-29', '08:00:00', '16:00:00', 'HADIR'),
(2535, 6, '2020-12-30', '08:00:00', '16:00:00', 'HADIR'),
(2536, 6, '2020-12-31', '08:00:00', '16:00:00', 'HADIR'),
(2537, 6, '2021-01-01', NULL, NULL, 'LIBUR NASIONAL'),
(2538, 6, '2021-01-02', NULL, NULL, ''),
(2539, 6, '2021-01-03', NULL, NULL, ''),
(2540, 6, '2021-01-04', '08:00:00', '16:00:00', 'HADIR'),
(2541, 6, '2021-01-05', '08:00:00', '16:00:00', 'HADIR'),
(2542, 6, '2021-01-06', '08:00:00', '16:00:00', 'HADIR'),
(2543, 6, '2021-01-07', '08:00:00', '16:00:00', 'HADIR'),
(2544, 6, '2021-01-08', '08:00:00', '16:00:00', 'HADIR'),
(2545, 6, '2021-01-09', NULL, NULL, ''),
(2546, 6, '2021-01-10', NULL, NULL, ''),
(2547, 6, '2021-01-11', '08:00:00', '16:00:00', 'HADIR'),
(2548, 6, '2021-01-12', '08:00:00', '16:00:00', 'HADIR'),
(2549, 6, '2021-01-13', '08:00:00', '16:00:00', 'HADIR'),
(2550, 6, '2021-01-14', '08:00:00', '16:00:00', 'HADIR'),
(2551, 6, '2021-01-15', '08:00:00', '16:00:00', 'HADIR'),
(2552, 6, '2021-01-16', NULL, NULL, ''),
(2553, 6, '2021-01-17', NULL, NULL, ''),
(2554, 6, '2021-01-18', '08:00:00', '16:00:00', 'HADIR'),
(2555, 6, '2021-01-19', '08:00:00', '16:00:00', 'HADIR'),
(2556, 6, '2021-01-20', '08:00:00', '16:00:00', 'HADIR'),
(2557, 6, '2021-01-21', '08:00:00', '16:00:00', 'HADIR'),
(2558, 6, '2021-01-22', '08:00:00', '16:00:00', 'HADIR'),
(2559, 6, '2021-01-23', NULL, NULL, ''),
(2560, 6, '2021-01-24', NULL, NULL, ''),
(2561, 6, '2021-01-25', '08:00:00', '16:00:00', 'HADIR'),
(2562, 6, '2021-01-26', '08:00:00', '16:00:00', 'HADIR'),
(2563, 6, '2021-01-27', '08:00:00', '16:00:00', 'HADIR'),
(2564, 6, '2021-01-28', '08:00:00', '16:00:00', 'HADIR'),
(2565, 6, '2021-01-29', '08:00:00', '16:00:00', 'HADIR'),
(2566, 6, '2021-01-30', NULL, NULL, ''),
(2567, 6, '2021-01-31', NULL, NULL, ''),
(2568, 7, '2020-11-01', NULL, NULL, ''),
(2569, 7, '2020-11-02', '08:00:00', '16:00:00', 'HADIR'),
(2570, 7, '2020-11-03', '08:35:00', '16:00:00', 'HADIR'),
(2571, 7, '2020-11-04', NULL, NULL, 'SAKIT'),
(2572, 7, '2020-11-05', '08:00:00', '16:00:00', 'HADIR'),
(2573, 7, '2020-11-06', '08:00:00', '16:00:00', 'HADIR'),
(2574, 7, '2020-11-07', NULL, NULL, ''),
(2575, 7, '2020-11-08', NULL, NULL, ''),
(2576, 7, '2020-11-09', '08:00:00', '16:00:00', 'HADIR'),
(2577, 7, '2020-11-10', NULL, NULL, 'LIBUR NASIONAL'),
(2578, 7, '2020-11-11', '08:00:00', '16:00:00', 'HADIR'),
(2579, 7, '2020-11-12', '08:00:00', '16:00:00', 'HADIR'),
(2580, 7, '2020-11-13', '08:00:00', '16:00:00', 'HADIR'),
(2581, 7, '2020-11-14', NULL, NULL, ''),
(2582, 7, '2020-11-15', NULL, NULL, ''),
(2583, 7, '2020-11-16', '08:00:00', '16:00:00', 'HADIR'),
(2584, 7, '2020-11-17', '08:00:00', '16:00:00', 'HADIR'),
(2585, 7, '2020-11-18', '08:45:00', '16:00:00', 'HADIR'),
(2586, 7, '2020-11-19', NULL, NULL, 'IZIN'),
(2587, 7, '2020-11-20', '08:00:00', '16:00:00', 'HADIR'),
(2588, 7, '2020-11-21', NULL, NULL, ''),
(2589, 7, '2020-11-22', NULL, NULL, ''),
(2590, 7, '2020-11-23', '08:00:00', '16:00:00', 'HADIR'),
(2591, 7, '2020-11-24', '08:00:00', '16:00:00', 'HADIR'),
(2592, 7, '2020-11-25', '08:00:00', '16:00:00', 'HADIR'),
(2593, 7, '2020-11-26', '08:00:00', '16:00:00', 'HADIR'),
(2594, 7, '2020-11-27', '08:00:00', '16:00:00', 'HADIR'),
(2595, 7, '2020-11-28', NULL, NULL, ''),
(2596, 7, '2020-11-29', NULL, NULL, ''),
(2597, 7, '2020-11-30', '08:00:00', '16:00:00', 'HADIR'),
(2598, 7, '2020-12-01', '08:00:00', '16:00:00', 'HADIR'),
(2599, 7, '2020-12-02', '08:00:00', '16:00:00', 'HADIR'),
(2600, 7, '2020-12-03', '08:00:00', '16:00:00', 'HADIR'),
(2601, 7, '2020-12-04', '08:00:00', '16:00:00', 'HADIR'),
(2602, 7, '2020-12-05', NULL, NULL, ''),
(2603, 7, '2020-12-06', NULL, NULL, ''),
(2604, 7, '2020-12-07', '08:00:00', '16:00:00', 'HADIR'),
(2605, 7, '2020-12-08', '08:00:00', '16:00:00', 'HADIR'),
(2606, 7, '2020-12-09', NULL, NULL, 'LIBUR NASIONAL'),
(2607, 7, '2020-12-10', '08:00:00', '16:00:00', 'HADIR'),
(2608, 7, '2020-12-11', '08:00:00', '16:00:00', 'HADIR'),
(2609, 7, '2020-12-12', NULL, NULL, ''),
(2610, 7, '2020-12-13', NULL, NULL, ''),
(2611, 7, '2020-12-14', '08:00:00', '16:00:00', 'HADIR'),
(2612, 7, '2020-12-15', '08:00:00', '16:00:00', 'HADIR'),
(2613, 7, '2020-12-16', '08:00:00', '16:00:00', 'HADIR'),
(2614, 7, '2020-12-17', NULL, NULL, 'SAKIT'),
(2615, 7, '2020-12-19', NULL, NULL, ''),
(2616, 7, '2020-12-20', NULL, NULL, ''),
(2617, 7, '2020-12-21', '08:00:00', '16:00:00', 'HADIR'),
(2618, 7, '2020-12-22', '08:00:00', '16:00:00', 'HADIR'),
(2619, 7, '2020-12-23', '08:00:00', '16:00:00', 'HADIR'),
(2620, 7, '2020-12-24', NULL, NULL, 'LIBUR NASIONAL'),
(2621, 7, '2020-12-25', NULL, NULL, 'LIBUR NASIONAL'),
(2622, 7, '2020-12-26', NULL, NULL, ''),
(2623, 7, '2020-12-27', NULL, NULL, ''),
(2624, 7, '2020-12-28', '08:00:00', '16:00:00', 'HADIR'),
(2625, 7, '2020-12-29', '08:50:00', '16:00:00', 'HADIR'),
(2626, 7, '2020-12-30', '08:00:00', '16:00:00', 'HADIR'),
(2627, 7, '2020-12-31', '08:00:00', '16:00:00', 'HADIR'),
(2628, 7, '2021-01-01', NULL, NULL, 'LIBUR NASIONAL'),
(2629, 7, '2021-01-02', NULL, NULL, ''),
(2630, 7, '2021-01-03', NULL, NULL, ''),
(2631, 7, '2021-01-04', '08:55:00', '16:00:00', 'HADIR'),
(2632, 7, '2021-01-05', '08:00:00', '16:00:00', 'HADIR'),
(2633, 7, '2021-01-06', '08:00:00', '16:00:00', 'HADIR'),
(2634, 7, '2021-01-07', '08:00:00', '16:00:00', 'HADIR'),
(2635, 7, '2021-01-08', '08:00:00', '16:00:00', 'HADIR'),
(2636, 7, '2021-01-09', NULL, NULL, ''),
(2637, 7, '2021-01-10', NULL, NULL, ''),
(2638, 7, '2021-01-11', '08:00:00', '16:00:00', 'HADIR'),
(2639, 7, '2021-01-12', '08:00:00', '16:00:00', 'HADIR'),
(2640, 7, '2021-01-13', '08:00:00', '16:00:00', 'HADIR'),
(2641, 7, '2021-01-14', '08:00:00', '16:00:00', 'HADIR'),
(2642, 7, '2021-01-15', '08:00:00', '16:00:00', 'HADIR'),
(2643, 7, '2021-01-16', NULL, NULL, ''),
(2644, 7, '2021-01-17', NULL, NULL, ''),
(2645, 7, '2021-01-18', '08:00:00', '16:00:00', 'HADIR'),
(2646, 7, '2021-01-19', '08:00:00', '16:00:00', 'HADIR'),
(2647, 7, '2021-01-20', '08:00:00', '16:00:00', 'HADIR'),
(2648, 7, '2021-01-21', NULL, NULL, 'IZIN'),
(2649, 7, '2021-01-22', '08:00:00', '16:00:00', 'HADIR'),
(2650, 7, '2021-01-23', NULL, NULL, ''),
(2651, 7, '2021-01-24', NULL, NULL, ''),
(2652, 7, '2021-01-25', '08:00:00', '16:00:00', 'HADIR'),
(2653, 7, '2021-01-26', '08:00:00', '16:00:00', 'HADIR'),
(2654, 7, '2021-01-27', '08:40:00', '16:00:00', 'HADIR'),
(2655, 7, '2021-01-28', '08:00:00', '16:00:00', 'HADIR'),
(2656, 7, '2021-01-29', '08:00:00', '16:00:00', 'HADIR'),
(2657, 7, '2021-01-30', NULL, NULL, ''),
(2658, 7, '2021-01-31', NULL, NULL, ''),
(2659, 8, '2020-11-01', NULL, NULL, ''),
(2660, 8, '2020-11-02', '08:00:00', '16:00:00', 'HADIR'),
(2661, 8, '2020-11-03', '08:00:00', '16:00:00', 'HADIR'),
(2662, 8, '2020-11-04', '08:00:00', '16:00:00', 'HADIR'),
(2663, 8, '2020-11-05', '08:00:00', '16:00:00', 'HADIR'),
(2664, 8, '2020-11-06', '08:35:00', '16:00:00', 'HADIR'),
(2665, 8, '2020-11-07', NULL, NULL, ''),
(2666, 8, '2020-11-08', NULL, NULL, ''),
(2667, 8, '2020-11-09', '08:00:00', '16:00:00', 'HADIR'),
(2668, 8, '2020-11-10', NULL, NULL, 'LIBUR NASIONAL'),
(2669, 8, '2020-11-11', '08:00:00', '16:00:00', 'HADIR'),
(2670, 8, '2020-11-12', '08:00:00', '16:00:00', 'HADIR'),
(2671, 8, '2020-11-13', '08:00:00', '16:00:00', 'HADIR'),
(2672, 8, '2020-11-14', NULL, NULL, ''),
(2673, 8, '2020-11-15', NULL, NULL, ''),
(2674, 8, '2020-11-16', '08:00:00', '16:00:00', 'HADIR'),
(2675, 8, '2020-11-17', '08:00:00', '16:00:00', 'HADIR'),
(2676, 8, '2020-11-18', '08:35:00', '16:00:00', 'HADIR'),
(2677, 8, '2020-11-19', '08:00:00', '16:00:00', 'HADIR'),
(2678, 8, '2020-11-20', '08:00:00', '16:00:00', 'HADIR'),
(2679, 8, '2020-11-21', NULL, NULL, ''),
(2680, 8, '2020-11-22', NULL, NULL, ''),
(2681, 8, '2020-11-23', '08:00:00', '16:00:00', 'HADIR'),
(2682, 8, '2020-11-24', '08:00:00', '16:00:00', 'HADIR'),
(2683, 8, '2020-11-25', NULL, NULL, 'IZIN'),
(2684, 8, '2020-11-26', '08:00:00', '16:00:00', 'HADIR'),
(2685, 8, '2020-11-27', '08:00:00', '16:00:00', 'HADIR'),
(2686, 8, '2020-11-28', NULL, NULL, ''),
(2687, 8, '2020-11-29', NULL, NULL, ''),
(2688, 8, '2020-11-30', '08:00:00', '16:00:00', 'HADIR'),
(2689, 8, '2020-12-01', '08:00:00', '16:00:00', 'HADIR'),
(2690, 8, '2020-12-02', NULL, NULL, 'CUTI'),
(2691, 8, '2020-12-03', NULL, NULL, 'CUTI'),
(2692, 8, '2020-12-04', '08:00:00', '16:00:00', 'HADIR'),
(2693, 8, '2020-12-05', NULL, NULL, ''),
(2694, 8, '2020-12-06', NULL, NULL, ''),
(2695, 8, '2020-12-07', '08:00:00', '16:00:00', 'HADIR'),
(2696, 8, '2020-12-08', '08:00:00', '16:00:00', 'HADIR'),
(2697, 8, '2020-12-09', NULL, NULL, 'LIBUR NASIONAL'),
(2698, 8, '2020-12-10', '08:00:00', '16:00:00', 'HADIR'),
(2699, 8, '2020-12-11', '08:00:00', '16:00:00', 'HADIR'),
(2700, 8, '2020-12-12', NULL, NULL, ''),
(2701, 8, '2020-12-13', NULL, NULL, ''),
(2702, 8, '2020-12-14', '08:37:00', '16:00:00', 'HADIR'),
(2703, 8, '2020-12-15', '08:00:00', '16:00:00', 'HADIR'),
(2704, 8, '2020-12-16', '08:00:00', '16:00:00', 'HADIR'),
(2705, 8, '2020-12-17', '08:00:00', '16:00:00', 'HADIR'),
(2706, 8, '2020-12-18', '08:00:00', '16:00:00', 'HADIR'),
(2707, 8, '2020-12-19', NULL, NULL, ''),
(2708, 8, '2020-12-20', NULL, NULL, ''),
(2709, 8, '2020-12-21', '08:00:00', '16:00:00', 'HADIR'),
(2710, 8, '2020-12-22', '08:00:00', '16:00:00', 'HADIR'),
(2711, 8, '2020-12-23', '08:00:00', '16:00:00', 'HADIR'),
(2712, 8, '2020-12-24', NULL, NULL, 'LIBUR NASIONAL'),
(2713, 8, '2020-12-25', NULL, NULL, 'LIBUR NASIONAL'),
(2714, 8, '2020-12-26', NULL, NULL, ''),
(2715, 8, '2020-12-27', NULL, NULL, ''),
(2716, 8, '2020-12-28', '08:00:00', '16:00:00', 'HADIR'),
(2717, 8, '2020-12-29', '08:00:00', '16:00:00', 'HADIR'),
(2718, 8, '2020-12-30', '08:35:00', '16:00:00', 'HADIR'),
(2719, 8, '2020-12-31', '08:00:00', '16:00:00', 'HADIR'),
(2720, 8, '2021-01-01', NULL, NULL, 'LIBUR NASIONAL'),
(2721, 8, '2021-01-02', NULL, NULL, ''),
(2722, 8, '2021-01-03', NULL, NULL, ''),
(2723, 8, '2021-01-04', '08:00:00', '16:00:00', 'HADIR'),
(2724, 8, '2021-01-05', '08:00:00', '16:00:00', 'HADIR'),
(2725, 8, '2021-01-06', NULL, NULL, 'IZIN'),
(2726, 8, '2021-01-07', '08:00:00', '16:00:00', 'HADIR'),
(2727, 8, '2021-01-08', '08:00:00', '16:00:00', 'HADIR'),
(2728, 8, '2021-01-09', NULL, NULL, ''),
(2729, 8, '2021-01-10', NULL, NULL, ''),
(2730, 8, '2021-01-11', '08:00:00', '16:00:00', 'HADIR'),
(2731, 8, '2021-01-12', '08:00:00', '16:00:00', 'HADIR'),
(2732, 8, '2021-01-13', '08:00:00', '16:00:00', 'HADIR'),
(2733, 8, '2021-01-14', '08:00:00', '16:00:00', 'HADIR'),
(2734, 8, '2021-01-15', '08:00:00', '16:00:00', 'HADIR'),
(2735, 8, '2021-01-16', NULL, NULL, ''),
(2736, 8, '2021-01-17', NULL, NULL, ''),
(2737, 8, '2021-01-18', '08:00:00', '16:00:00', 'HADIR'),
(2738, 8, '2021-01-19', '08:00:00', '16:00:00', 'HADIR'),
(2739, 8, '2021-01-20', '08:00:00', '16:00:00', 'HADIR'),
(2740, 8, '2021-01-21', '08:00:00', '16:00:00', 'HADIR'),
(2741, 8, '2021-01-22', '08:00:00', '16:00:00', 'HADIR'),
(2742, 8, '2021-01-23', NULL, NULL, ''),
(2743, 8, '2021-01-24', NULL, NULL, ''),
(2744, 8, '2021-01-25', '08:00:00', '16:00:00', 'HADIR'),
(2745, 8, '2021-01-26', NULL, NULL, 'SAKIT'),
(2746, 8, '2021-01-27', NULL, NULL, 'SAKIT'),
(2747, 8, '2021-01-28', '08:00:00', '16:00:00', 'HADIR'),
(2748, 8, '2021-01-29', '08:00:00', '16:00:00', 'HADIR'),
(2749, 8, '2021-01-30', NULL, NULL, ''),
(2750, 8, '2021-01-31', NULL, NULL, '');

--
-- Indexes for dumped tables
--

--
-- Indexes for table `bagian`
--
ALTER TABLE `bagian`
  ADD PRIMARY KEY (`id`);

--
-- Indexes for table `bagian_karyawan`
--
ALTER TABLE `bagian_karyawan`
  ADD PRIMARY KEY (`id`);

--
-- Indexes for table `jabatan`
--
ALTER TABLE `jabatan`
  ADD PRIMARY KEY (`id`);

--
-- Indexes for table `jabatan_karyawan`
--
ALTER TABLE `jabatan_karyawan`
  ADD PRIMARY KEY (`id`);

--
-- Indexes for table `karyawan`
--
ALTER TABLE `karyawan`
  ADD PRIMARY KEY (`id`),
  ADD KEY `pengguna_id` (`pengguna_id`);

--
-- Indexes for table `lokasi`
--
ALTER TABLE `lokasi`
  ADD PRIMARY KEY (`id`);

--
-- Indexes for table `penggajian`
--
ALTER TABLE `penggajian`
  ADD PRIMARY KEY (`id`);

--
-- Indexes for table `pengguna`
--
ALTER TABLE `pengguna`
  ADD PRIMARY KEY (`id`);

--
-- Indexes for table `presensi`
--
ALTER TABLE `presensi`
  ADD PRIMARY KEY (`id`);

--
-- AUTO_INCREMENT for dumped tables
--

--
-- AUTO_INCREMENT for table `bagian`
--
ALTER TABLE `bagian`
  MODIFY `id` int(11) NOT NULL AUTO_INCREMENT, AUTO_INCREMENT=7;

--
-- AUTO_INCREMENT for table `bagian_karyawan`
--
ALTER TABLE `bagian_karyawan`
  MODIFY `id` int(11) NOT NULL AUTO_INCREMENT, AUTO_INCREMENT=11;

--
-- AUTO_INCREMENT for table `jabatan`
--
ALTER TABLE `jabatan`
  MODIFY `id` int(11) NOT NULL AUTO_INCREMENT, AUTO_INCREMENT=13;

--
-- AUTO_INCREMENT for table `jabatan_karyawan`
--
ALTER TABLE `jabatan_karyawan`
  MODIFY `id` int(11) NOT NULL AUTO_INCREMENT, AUTO_INCREMENT=22;

--
-- AUTO_INCREMENT for table `karyawan`
--
ALTER TABLE `karyawan`
  MODIFY `id` int(11) NOT NULL AUTO_INCREMENT, AUTO_INCREMENT=14;

--
-- AUTO_INCREMENT for table `lokasi`
--
ALTER TABLE `lokasi`
  MODIFY `id` int(11) NOT NULL AUTO_INCREMENT, AUTO_INCREMENT=14;

--
-- AUTO_INCREMENT for table `penggajian`
--
ALTER TABLE `penggajian`
  MODIFY `id` int(11) NOT NULL AUTO_INCREMENT, AUTO_INCREMENT=19;

--
-- AUTO_INCREMENT for table `pengguna`
--
ALTER TABLE `pengguna`
  MODIFY `id` int(11) NOT NULL AUTO_INCREMENT, AUTO_INCREMENT=14;

--
-- AUTO_INCREMENT for table `presensi`
--
ALTER TABLE `presensi`
  MODIFY `id` int(11) NOT NULL AUTO_INCREMENT, AUTO_INCREMENT=2751;
COMMIT;

/*!40101 SET CHARACTER_SET_CLIENT=@OLD_CHARACTER_SET_CLIENT */;
/*!40101 SET CHARACTER_SET_RESULTS=@OLD_CHARACTER_SET_RESULTS */;
/*!40101 SET COLLATION_CONNECTION=@OLD_COLLATION_CONNECTION */;
